dataset,method,HR@1,HR@3,HR@5,NDCG@3,NDCG@5,source_paper,source_table_or_section,notes,comparable_to_CAPERCA
Eadro-TT,TBAC,0.037,0.111,0.185,0.079,0.109,"Eadro: An End-to-End Troubleshooting Framework for Microservices on Multi-source Data, ICSE 2023 / arXiv:2302.05092",Table III,"Published root cause localization metric on TT. Protocol differs from CAPE-RCA because CAPE-RCA is evaluated with known fault cases/localization only.",true
Eadro-TT,NetMedic,0.094,0.257,0.425,0.195,0.209,"Eadro: An End-to-End Troubleshooting Framework for Microservices on Multi-source Data, ICSE 2023 / arXiv:2302.05092",Table III,"Published root cause localization metric on TT. Protocol differs from CAPE-RCA because CAPE-RCA is evaluated with known fault cases/localization only.",true
Eadro-TT,MonitorRank,0.086,0.199,0.331,0.142,0.196,"Eadro: An End-to-End Troubleshooting Framework for Microservices on Multi-source Data, ICSE 2023 / arXiv:2302.05092",Table III,"Published root cause localization metric on TT. Protocol differs from CAPE-RCA because CAPE-RCA is evaluated with known fault cases/localization only.",true
Eadro-TT,CloudRanger,0.101,0.306,0.509,0.218,0.301,"Eadro: An End-to-End Troubleshooting Framework for Microservices on Multi-source Data, ICSE 2023 / arXiv:2302.05092",Table III,"Published root cause localization metric on TT. Protocol differs from CAPE-RCA because CAPE-RCA is evaluated with known fault cases/localization only.",true
Eadro-TT,DyCause,0.231,0.615,0.808,0.448,0.607,"Eadro: An End-to-End Troubleshooting Framework for Microservices on Multi-source Data, ICSE 2023 / arXiv:2302.05092",Table III,"Published root cause localization metric on TT. Protocol differs from CAPE-RCA because CAPE-RCA is evaluated with known fault cases/localization only.",true
Eadro-TT,MS-RF-RCL,0.637,0.922,0.970,0.807,0.827,"Eadro: An End-to-End Troubleshooting Framework for Microservices on Multi-source Data, ICSE 2023 / arXiv:2302.05092",Table III,"Published root cause localization metric on TT. Protocol differs from CAPE-RCA because CAPE-RCA is evaluated with known fault cases/localization only.",true
Eadro-TT,MS-SVM-RCL,0.541,0.908,0.944,0.814,0.820,"Eadro: An End-to-End Troubleshooting Framework for Microservices on Multi-source Data, ICSE 2023 / arXiv:2302.05092",Table III,"Published root cause localization metric on TT. Protocol differs from CAPE-RCA because CAPE-RCA is evaluated with known fault cases/localization only.",true
Eadro-TT,MS-LSTM,0.756,0.930,0.969,0.859,0.877,"Eadro: An End-to-End Troubleshooting Framework for Microservices on Multi-source Data, ICSE 2023 / arXiv:2302.05092",Table III,"Published root cause localization metric on TT. Protocol differs from CAPE-RCA because CAPE-RCA is evaluated with known fault cases/localization only; Eadro paper treats MS-LSTM as end-to-end.",true
Eadro-TT,MS-DCC,0.767,0.938,0.972,0.870,0.882,"Eadro: An End-to-End Troubleshooting Framework for Microservices on Multi-source Data, ICSE 2023 / arXiv:2302.05092",Table III,"Published root cause localization metric on TT. Protocol differs from CAPE-RCA because CAPE-RCA is evaluated with known fault cases/localization only; Eadro paper treats MS-DCC as end-to-end.",true
Eadro-TT,Eadro,0.990,0.992,0.993,0.994,0.994,"Eadro: An End-to-End Troubleshooting Framework for Microservices on Multi-source Data, ICSE 2023 / arXiv:2302.05092",Table III,"Published Eadro result on TT; end-to-end model uses predicted detector output, so not a fully identical protocol to CAPE-RCA localization-only evaluation.",true
Eadro-SN,TBAC,0.001,0.085,0.181,0.048,0.087,"Eadro: An End-to-End Troubleshooting Framework for Microservices on Multi-source Data, ICSE 2023 / arXiv:2302.05092",Table III,"Published root cause localization metric on SN. Protocol differs from CAPE-RCA because CAPE-RCA is evaluated with known fault cases/localization only.",true
Eadro-SN,NetMedic,0.069,0.187,0.373,0.146,0.218,"Eadro: An End-to-End Troubleshooting Framework for Microservices on Multi-source Data, ICSE 2023 / arXiv:2302.05092",Table III,"Published root cause localization metric on SN. Protocol differs from CAPE-RCA because CAPE-RCA is evaluated with known fault cases/localization only.",true
Eadro-SN,MonitorRank,0.068,0.118,0.221,0.095,0.137,"Eadro: An End-to-End Troubleshooting Framework for Microservices on Multi-source Data, ICSE 2023 / arXiv:2302.05092",Table III,"Published root cause localization metric on SN. Protocol differs from CAPE-RCA because CAPE-RCA is evaluated with known fault cases/localization only.",true
Eadro-SN,CloudRanger,0.122,0.382,0.629,0.269,0.370,"Eadro: An End-to-End Troubleshooting Framework for Microservices on Multi-source Data, ICSE 2023 / arXiv:2302.05092",Table III,"Published root cause localization metric on SN. Protocol differs from CAPE-RCA because CAPE-RCA is evaluated with known fault cases/localization only.",true
Eadro-SN,DyCause,0.273,0.636,0.727,0.301,0.353,"Eadro: An End-to-End Troubleshooting Framework for Microservices on Multi-source Data, ICSE 2023 / arXiv:2302.05092",Table III,"Published root cause localization metric on SN. Protocol differs from CAPE-RCA because CAPE-RCA is evaluated with known fault cases/localization only.",true
Eadro-SN,MS-RF-RCL,0.704,0.908,0.970,0.825,0.851,"Eadro: An End-to-End Troubleshooting Framework for Microservices on Multi-source Data, ICSE 2023 / arXiv:2302.05092",Table III,"Published root cause localization metric on SN. Protocol differs from CAPE-RCA because CAPE-RCA is evaluated with known fault cases/localization only.",true
Eadro-SN,MS-SVM-RCL,0.614,0.838,0.955,0.741,0.790,"Eadro: An End-to-End Troubleshooting Framework for Microservices on Multi-source Data, ICSE 2023 / arXiv:2302.05092",Table III,"Published root cause localization metric on SN. Protocol differs from CAPE-RCA because CAPE-RCA is evaluated with known fault cases/localization only.",true
Eadro-SN,MS-LSTM,0.757,0.884,0.907,0.834,0.844,"Eadro: An End-to-End Troubleshooting Framework for Microservices on Multi-source Data, ICSE 2023 / arXiv:2302.05092",Table III,"Published root cause localization metric on SN. Protocol differs from CAPE-RCA because CAPE-RCA is evaluated with known fault cases/localization only; Eadro paper treats MS-LSTM as end-to-end.",true
Eadro-SN,MS-DCC,0.789,0.968,0.985,0.898,0.905,"Eadro: An End-to-End Troubleshooting Framework for Microservices on Multi-source Data, ICSE 2023 / arXiv:2302.05092",Table III,"Published root cause localization metric on SN. Protocol differs from CAPE-RCA because CAPE-RCA is evaluated with known fault cases/localization only; Eadro paper treats MS-DCC as end-to-end.",true
Eadro-SN,Eadro,0.974,0.988,0.991,0.982,0.983,"Eadro: An End-to-End Troubleshooting Framework for Microservices on Multi-source Data, ICSE 2023 / arXiv:2302.05092",Table III,"Published Eadro result on SN; end-to-end model uses predicted detector output, so not a fully identical protocol to CAPE-RCA localization-only evaluation.",true
