level,component,timestamp,datetime,reason
pod,Mysql02,1614841020.0,2021-03-04 14:57:00,high memory usage
pod,Redis02,1614852540.0,2021-03-04 18:09:00,high memory usage
pod,Tomcat01,1614982800.0,2021-03-06 06:20:00,high memory usage
pod,Tomcat02,1614856920.0,2021-03-04 19:22:00,network latency
pod,Tomcat04,1614963180.0,2021-03-06 00:53:00,network latency
pod,Tomcat03,1615013160.0,2021-03-06 14:46:00,network latency
pod,apache02,1615027920.0,2021-03-06 18:52:00,network packet loss
pod,Tomcat01,1615043880.0,2021-03-06 23:18:00,network latency
pod,MG01,1615044960.0,2021-03-06 23:36:00,network latency
pod,MG02,1615048320.0,2021-03-07 00:32:00,network packet loss
pod,Tomcat02,1615073520.0,2021-03-07 07:32:00,network latency
pod,MG01,1615104480.0,2021-03-07 16:08:00,network latency
pod,Tomcat04,1615105740.0,2021-03-07 16:29:00,network packet loss
pod,apache02,1615114740.0,2021-03-07 18:59:00,network latency
pod,Tomcat01,1615124160.0,2021-03-07 21:36:00,network packet loss
pod,apache02,1615248780.0,2021-03-09 08:13:00,network packet loss
pod,IG02,1615252680.0,2021-03-09 09:18:00,network packet loss
pod,Tomcat01,1615260000.0,2021-03-09 11:20:00,network latency
pod,MG02,1615266600.0,2021-03-09 13:10:00,network packet loss
pod,MG02,1615270440.0,2021-03-09 14:14:00,network latency
