blind_card_count,candidate_space_count,card_count,component_hit_any_label,component_hit_count,component_hit_label,component_required,component_required_total,data_blind_spot_count,decision_count,fractional_score,heldout_date,high_suspicion_count,hit_total,log_present,log_service_count,log_strength_max,low_suspicion_count,matched_cluster_similarity_count,matched_cluster_similarity_max,matched_cluster_similarity_mean,matched_cluster_similarity_min,matched_rule_confidence_count,matched_rule_confidence_max,matched_rule_confidence_mean,matched_rule_confidence_min,matched_rule_validation_confidence_count,matched_rule_validation_confidence_max,matched_rule_validation_confidence_mean,matched_rule_validation_confidence_min,matched_rule_validation_dates_count,matched_rule_validation_dates_max,matched_rule_validation_dates_mean,matched_rule_validation_dates_min,matched_rule_validation_support_count,matched_rule_validation_support_max,matched_rule_validation_support_mean,matched_rule_validation_support_min,metric_present,metric_service_count,metric_strength_max,partial_label,prior_margin_top1_minus_top2,reason_hit_any_label,reason_hit_count,reason_hit_label,reason_required,reason_required_total,rebuttal_margin_top2_minus_top1,refute_card_count,refute_card_strength,required_total,row_id,signature_blind_spot_count,signature_dominant_count,signature_service_count,strict_label,support_card_count,support_card_strength,support_margin_top1_minus_top2,support_per_blind,support_refute_ratio,task_index,time_anchor_fallback_votes,time_anchor_log_votes,time_anchor_metric_votes,time_anchor_rejected_best_score,time_anchor_rejected_count,time_anchor_score,time_anchor_score_margin,time_anchor_trace_votes,time_anchor_vote_count,time_hit_any_label,time_hit_count,time_hit_label,time_policy_fallback_window_start,time_policy_jvm_log_then_heap_onset,time_policy_metric_sustained_cross_vote,time_policy_network_trace_first_seen,time_required,time_required_total,time_vote_kind_cross_metric_vote,time_vote_kind_dropped_edges_first_seen,time_vote_kind_slow_edges_first_seen,time_vote_kind_strongest_peak,time_vote_kind_sustained_onset,time_vote_kind_window_start,top1_blind_count,top1_cluster_similarity,top1_component_evidence_prior,top1_confidence_level,top1_prior,top1_reason_prior_count,top1_reason_prior_weight,top1_rebuttal_score,top1_refute_strength,top1_source_event_fallback,top1_source_layer1_cluster,top1_source_layer1_rule,top1_support_strength,top2_rebuttal_score,topology_service_count,topology_strength_max,trace_present,trace_service_count,trace_strength_max
0.0,25.0,1.0,0,0,0,0,0,0.0,25.0,0.0,2021_03_04,10.0,0.0,1.0,0.0,0.0,0.0,3.0,0.8164680025249521,0.4951982966370406,0.31604001630861656,20.0,1.0,0.8716666666666667,0.75,20.0,1.0,0.748095238095238,0.6,20.0,3.0,2.6,2.0,20.0,9.0,6.5,2.0,1.0,8.0,1743.3698977283009,0,-0.7667234278500139,0,0,0,0,0,4.8899489149349895,0.0,0.0,1.0,0,0.0,7.0,11.0,0,1.0,36.00000000000001,31.000000000000007,36.00000000000001,36.00000000000001,task_1,0.0,0.0,2.0,0.9162781696878168,1.0,10.089794781610562,9.173516611922746,0.0,2.0,0,0,0,0.0,0.0,1.0,0.0,1,1,1.0,,,1.0,,,0.0,0.8164680025249521,2.5,2.0,2.733276572149986,2.0,0.2857142857142857,-8.93994891493499,0.0,0.0,1.0,0.0,36.00000000000001,-4.05,0.0,0.0,1.0,6.0,80.0
0.0,37.0,1.0,1,1,1,1,1,0.0,30.0,0.5,2021_03_04,10.0,1.0,1.0,0.0,0.0,0.0,3.0,0.930513480476403,0.6212926425634115,0.43517852376085514,0.0,0.0,0.0,0.0,0.0,0.0,0.0,0.0,0.0,0.0,0.0,0.0,0.0,0.0,0.0,0.0,1.0,14.0,611.8801259460145,1,0.0,0,0,0,1,1,42.66306203121701,0.0,0.0,2.0,1,0.0,5.0,14.0,0,1.0,285.281796311149,237.01701128453894,285.281796311149,285.281796311149,task_6,0.0,0.0,1.0,11.753816095601408,3.0,25.333434281457627,13.57961818585622,0.0,1.0,0,0,0,0.0,0.0,1.0,0.0,0,0,1.0,,,,,,0.0,0.43517852376085514,2.5,2.0,2.935178523760855,1.0,1.0,-53.992384007391585,0.0,0.0,1.0,0.0,285.281796311149,-11.329321976174578,0.0,0.0,1.0,0.0,0.0
0.0,19.0,3.0,0,0,0,1,1,1.0,19.0,0.0,2021_03_06,10.0,0.0,1.0,0.0,0.0,0.0,3.0,0.7101776324628674,0.3423487567985599,0.14825257393269764,0.0,0.0,0.0,0.0,0.0,0.0,0.0,0.0,0.0,0.0,0.0,0.0,0.0,0.0,0.0,0.0,0.0,0.0,0.0,0,0.0,0,0,0,1,1,0.3599999999999999,0.0,0.0,2.0,2,1.0,2.0,2.0,0,3.0,3.707283680175243,2.0,3.707283680175243,3.707283680175243,task_6,0.0,0.0,0.0,0.0,0.0,8.441610245999462,8.441610245999462,1.0,1.0,0,0,0,0.0,0.0,0.0,1.0,0,0,,,1.0,,,,0.0,0.7101776324628674,0.7231653888280389,2.0,0.9007097969437557,1.0,0.25,-1.4779498796809238,0.0,0.0,1.0,0.0,3.707283680175243,-1.117949879680924,1.0,2.0,1.0,2.0,3.4145673603504862
0.0,30.0,1.0,0,0,0,0,0,0.0,30.0,0.0,2021_03_04,10.0,0.0,1.0,0.0,0.0,0.0,3.0,0.8116417606104567,0.5953186536601885,0.48256761818393157,6.0,1.0,0.8666666666666667,0.8,6.0,0.6666666666666666,0.6222222222222222,0.6,6.0,3.0,2.6666666666666665,2.0,6.0,5.0,4.333333333333333,3.0,1.0,10.0,27257.143259615088,0,0.013169947646888946,0,0,0,0,0,2400.0697859848838,0.0,0.0,1.0,3,0.0,5.0,10.0,0,1.0,13547.497598661143,13333.655183511119,13547.497598661143,13547.497598661143,task_1,0.0,0.0,2.0,17.652383647286058,1.0,47.371838887430904,29.719455240144846,0.0,2.0,0,0,0,0.0,0.0,1.0,0.0,1,1,1.0,,,1.0,,,0.0,0.8116417606104567,2.5,2.0,2.6770854750422814,12.0,0.21818181818181817,-2440.958944686544,0.0,0.0,1.0,0.0,13547.497598661143,-40.889158701660286,0.0,0.0,1.0,0.0,0.0
0.0,56.0,0.0,0,0,0,1,1,1.0,30.0,0.5,2021_03_06,10.0,1.0,1.0,0.0,0.0,0.0,1.0,0.5825507652983792,0.5825507652983792,0.5825507652983792,0.0,0.0,0.0,0.0,0.0,0.0,0.0,0.0,0.0,0.0,0.0,0.0,0.0,0.0,0.0,0.0,0.0,0.0,0.0,1,0.0,1,1,1,1,1,0.0,0.0,0.0,2.0,4,1.0,0.0,0.0,0,0.0,0.0,0.0,0.0,0.0,task_6,1.0,0.0,0.0,0.0,0.0,0.0,0.0,0.0,1.0,0,0,0,1.0,0.0,0.0,0.0,0,0,,,,,,1.0,0.0,0.5825507652983792,0.0,1.0,0.1259569222266766,8.0,0.21621621621621623,-0.11336123000400894,0.0,0.0,1.0,0.0,0.0,-0.11336123000400894,0.0,0.0,1.0,0.0,0.0
0.0,42.0,2.0,0,0,0,1,1,1.0,30.0,0.0,2021_03_06,10.0,0.0,1.0,0.0,0.0,0.0,3.0,0.7583109747215385,0.3622367185530418,0.15331857824856124,0.0,0.0,0.0,0.0,0.0,0.0,0.0,0.0,0.0,0.0,0.0,0.0,0.0,0.0,0.0,0.0,0.0,0.0,0.0,0,0.0,0,0,0,0,0,0.17999999999999972,0.0,0.0,2.0,5,1.0,2.0,5.0,0,2.0,47.0,1.0,47.0,47.0,task_5,0.0,0.0,0.0,0.0,0.0,13.165529214387549,13.165529214387549,1.0,1.0,0,0,0,0.0,0.0,0.0,1.0,1,1,,,1.0,,,,0.0,0.7583109747215385,2.5,2.0,2.6895777436803847,1.0,0.25,-10.880619969312345,0.0,0.0,1.0,0.0,47.0,-10.700619969312346,1.0,2.0,1.0,5.0,146.2245989304813
0.0,10.0,3.0,0,0,0,1,1,1.0,10.0,0.0,2021_03_06,10.0,0.0,1.0,1.0,735.0,0.0,1.0,0.6414379349102721,0.6414379349102721,0.6414379349102721,0.0,0.0,0.0,0.0,0.0,0.0,0.0,0.0,0.0,0.0,0.0,0.0,0.0,0.0,0.0,0.0,0.0,0.0,0.0,0,0.0,0,0,0,1,1,0.13912739593970613,0.0,0.0,3.0,6,1.0,3.0,3.0,0,3.0,31.55634026345024,0.7729299774428036,31.55634026345024,31.55634026345024,task_7,0.0,0.0,0.0,0.0,0.0,12.48914225511256,12.48914225511256,1.0,1.0,0,0,0,0.0,0.0,0.0,1.0,1,1,,,1.0,,,,0.0,0.6414379349102721,2.5,2.0,2.660359483727568,1.0,0.25,-8.074464782775856,0.0,0.0,1.0,0.0,31.55634026345024,-7.935337386836149,1.0,2.0,1.0,3.0,118.67950109891535
0.0,56.0,0.0,0,0,0,1,1,1.0,30.0,0.0,2021_03_06,10.0,0.0,1.0,0.0,0.0,0.0,1.0,0.5825507652983792,0.5825507652983792,0.5825507652983792,0.0,0.0,0.0,0.0,0.0,0.0,0.0,0.0,0.0,0.0,0.0,0.0,0.0,0.0,0.0,0.0,0.0,0.0,0.0,0,0.0,0,0,0,0,0,0.0,0.0,0.0,1.0,7,1.0,0.0,0.0,0,0.0,0.0,0.0,0.0,0.0,task_3,1.0,0.0,0.0,0.0,0.0,0.0,0.0,0.0,1.0,0,0,0,1.0,0.0,0.0,0.0,0,0,,,,,,1.0,0.0,0.5825507652983792,0.0,1.0,0.1259569222266766,8.0,0.21621621621621623,-0.11336123000400894,0.0,0.0,1.0,0.0,0.0,-0.11336123000400894,0.0,0.0,1.0,0.0,0.0
1.0,28.0,2.0,1,1,1,1,1,1.0,28.0,0.3333333333333333,2021_03_06,10.0,1.0,1.0,0.0,0.0,0.0,1.0,0.6981129317691258,0.6981129317691258,0.6981129317691258,0.0,0.0,0.0,0.0,0.0,0.0,0.0,0.0,0.0,0.0,0.0,0.0,0.0,0.0,0.0,0.0,0.0,0.0,0.0,1,1.1484773526824976,0,0,0,1,1,1.033629617414248,0.0,0.0,3.0,8,1.0,1.0,5.0,0,1.0,2.903645833333333,0.0,1.4518229166666665,2.903645833333333,task_7,0.0,0.0,0.0,0.0,0.0,29.100129361762725,29.100129361762725,5.0,5.0,0,0,0,0.0,0.0,0.0,1.0,1,1,,1.0,,,,,1.0,0.6981129317691258,2.5,2.0,2.5872641164711405,1.0,0.125,-2.5011939548240267,0.0,0.0,1.0,0.0,2.903645833333333,-1.4675643374097787,0.0,0.0,1.0,5.0,27.146512621244625
1.0,56.0,1.0,0,0,0,1,1,3.0,30.0,0.0,2021_03_07,10.0,0.0,0.0,0.0,0.0,0.0,1.0,0.9982953841253283,0.9982953841253283,0.9982953841253283,0.0,0.0,0.0,0.0,0.0,0.0,0.0,0.0,0.0,0.0,0.0,0.0,0.0,0.0,0.0,0.0,0.0,0.0,0.0,0,0.0,0,0,0,1,1,0.0,0.0,0.0,2.0,9,3.0,0.0,0.0,0,0.0,0.0,0.0,0.0,0.0,task_6,1.0,0.0,0.0,0.0,0.0,0.0,0.0,0.0,1.0,0,0,0,1.0,0.0,0.0,0.0,0,0,,,,,,1.0,1.0,0.9982953841253283,0.0,1.0,0.21702073567941918,5.0,0.21739130434782608,0.1546813378885227,0.0,0.0,1.0,0.0,0.0,0.1546813378885227,0.0,0.0,0.0,0.0,0.0
1.0,56.0,1.0,0,0,0,1,1,3.0,30.0,0.0,2021_03_07,10.0,0.0,0.0,0.0,0.0,0.0,1.0,0.9982953841253283,0.9982953841253283,0.9982953841253283,0.0,0.0,0.0,0.0,0.0,0.0,0.0,0.0,0.0,0.0,0.0,0.0,0.0,0.0,0.0,0.0,0.0,0.0,0.0,0,0.0,0,0,0,0,0,0.0,0.0,0.0,1.0,10,3.0,0.0,0.0,0,0.0,0.0,0.0,0.0,0.0,task_3,1.0,0.0,0.0,0.0,0.0,0.0,0.0,0.0,1.0,0,0,0,1.0,0.0,0.0,0.0,0,0,,,,,,1.0,1.0,0.9982953841253283,0.0,1.0,0.21702073567941918,5.0,0.21739130434782608,0.1546813378885227,0.0,0.0,1.0,0.0,0.0,0.1546813378885227,0.0,0.0,0.0,0.0,0.0
1.0,56.0,1.0,0,0,0,0,0,3.0,30.0,0.0,2021_03_07,10.0,0.0,0.0,0.0,0.0,0.0,1.0,0.9982953841253283,0.9982953841253283,0.9982953841253283,0.0,0.0,0.0,0.0,0.0,0.0,0.0,0.0,0.0,0.0,0.0,0.0,0.0,0.0,0.0,0.0,0.0,0.0,0.0,0,0.0,0,0,0,0,0,0.0,0.0,0.0,2.0,11,3.0,0.0,0.0,0,0.0,0.0,0.0,0.0,0.0,task_1,1.0,0.0,0.0,0.0,0.0,0.0,0.0,0.0,1.0,0,0,0,1.0,0.0,0.0,0.0,1,2,,,,,,1.0,1.0,0.9982953841253283,0.0,1.0,0.21702073567941918,5.0,0.21739130434782608,0.1546813378885227,0.0,0.0,1.0,0.0,0.0,0.1546813378885227,0.0,0.0,0.0,0.0,0.0
1.0,56.0,1.0,0,0,0,1,2,3.0,30.0,0.0,2021_03_07,10.0,0.0,0.0,0.0,0.0,0.0,1.0,0.9982953841253283,0.9982953841253283,0.9982953841253283,0.0,0.0,0.0,0.0,0.0,0.0,0.0,0.0,0.0,0.0,0.0,0.0,0.0,0.0,0.0,0.0,0.0,0.0,0.0,0,0.0,0,0,0,0,0,0.0,0.0,0.0,2.0,12,3.0,0.0,0.0,0,0.0,0.0,0.0,0.0,0.0,task_3,1.0,0.0,0.0,0.0,0.0,0.0,0.0,0.0,1.0,0,0,0,1.0,0.0,0.0,0.0,0,0,,,,,,1.0,1.0,0.9982953841253283,0.0,1.0,0.21702073567941918,5.0,0.21739130434782608,0.1546813378885227,0.0,0.0,1.0,0.0,0.0,0.1546813378885227,0.0,0.0,0.0,0.0,0.0
1.0,56.0,1.0,0,0,0,0,0,3.0,30.0,0.0,2021_03_07,10.0,0.0,0.0,0.0,0.0,0.0,1.0,0.9982953841253283,0.9982953841253283,0.9982953841253283,0.0,0.0,0.0,0.0,0.0,0.0,0.0,0.0,0.0,0.0,0.0,0.0,0.0,0.0,0.0,0.0,0.0,0.0,0.0,0,0.0,0,0,0,1,1,0.0,0.0,0.0,2.0,13,3.0,0.0,0.0,0,0.0,0.0,0.0,0.0,0.0,task_4,1.0,0.0,0.0,0.0,0.0,0.0,0.0,0.0,1.0,0,0,0,1.0,0.0,0.0,0.0,1,1,,,,,,1.0,1.0,0.9982953841253283,0.0,1.0,0.21702073567941918,5.0,0.21739130434782608,0.1546813378885227,0.0,0.0,1.0,0.0,0.0,0.1546813378885227,0.0,0.0,0.0,0.0,0.0
1.0,56.0,1.0,0,0,0,0,0,3.0,30.0,0.0,2021_03_07,10.0,0.0,0.0,0.0,0.0,0.0,1.0,0.9982953841253283,0.9982953841253283,0.9982953841253283,0.0,0.0,0.0,0.0,0.0,0.0,0.0,0.0,0.0,0.0,0.0,0.0,0.0,0.0,0.0,0.0,0.0,0.0,0.0,0,0.0,0,0,0,1,1,0.0,0.0,0.0,1.0,14,3.0,0.0,0.0,0,0.0,0.0,0.0,0.0,0.0,task_2,1.0,0.0,0.0,0.0,0.0,0.0,0.0,0.0,1.0,0,0,0,1.0,0.0,0.0,0.0,0,0,,,,,,1.0,1.0,0.9982953841253283,0.0,1.0,0.21702073567941918,5.0,0.21739130434782608,0.1546813378885227,0.0,0.0,1.0,0.0,0.0,0.1546813378885227,0.0,0.0,0.0,0.0,0.0
1.0,48.0,1.0,0,0,0,0,0,3.0,30.0,0.0,2021_03_09,10.0,0.0,0.0,0.0,0.0,0.0,1.0,0.9984038297885895,0.9984038297885895,0.9984038297885895,0.0,0.0,0.0,0.0,0.0,0.0,0.0,0.0,0.0,0.0,0.0,0.0,0.0,0.0,0.0,0.0,0.0,0.0,0.0,0,0.0,0,0,0,1,1,0.0,0.0,0.0,2.0,15,3.0,0.0,0.0,0,0.0,0.0,0.0,0.0,0.0,task_4,1.0,0.0,0.0,0.0,0.0,0.0,0.0,0.0,1.0,0,0,0,1.0,0.0,0.0,0.0,1,1,,,,,,1.0,1.0,0.9984038297885895,0.0,1.0,0.3328012765961965,6.0,0.3333333333333333,0.05047885106342309,0.0,0.0,1.0,0.0,0.0,0.05047885106342309,0.0,0.0,0.0,0.0,0.0
1.0,48.0,1.0,0,0,0,0,0,3.0,30.0,0.0,2021_03_09,10.0,0.0,0.0,0.0,0.0,0.0,1.0,0.9984038297885895,0.9984038297885895,0.9984038297885895,0.0,0.0,0.0,0.0,0.0,0.0,0.0,0.0,0.0,0.0,0.0,0.0,0.0,0.0,0.0,0.0,0.0,0.0,0.0,0,0.0,0,0,0,0,0,0.0,0.0,0.0,1.0,16,3.0,0.0,0.0,0,0.0,0.0,0.0,0.0,0.0,task_1,1.0,0.0,0.0,0.0,0.0,0.0,0.0,0.0,1.0,0,0,0,1.0,0.0,0.0,0.0,1,1,,,,,,1.0,1.0,0.9984038297885895,0.0,1.0,0.3328012765961965,6.0,0.3333333333333333,0.05047885106342309,0.0,0.0,1.0,0.0,0.0,0.05047885106342309,0.0,0.0,0.0,0.0,0.0
1.0,48.0,1.0,0,0,0,1,1,3.0,30.0,0.0,2021_03_09,10.0,0.0,0.0,0.0,0.0,0.0,1.0,0.9984038297885895,0.9984038297885895,0.9984038297885895,0.0,0.0,0.0,0.0,0.0,0.0,0.0,0.0,0.0,0.0,0.0,0.0,0.0,0.0,0.0,0.0,0.0,0.0,0.0,0,0.0,0,0,0,1,1,0.0,0.0,0.0,2.0,17,3.0,0.0,0.0,0,0.0,0.0,0.0,0.0,0.0,task_6,1.0,0.0,0.0,0.0,0.0,0.0,0.0,0.0,1.0,0,0,0,1.0,0.0,0.0,0.0,0,0,,,,,,1.0,1.0,0.9984038297885895,0.0,1.0,0.3328012765961965,6.0,0.3333333333333333,0.05047885106342309,0.0,0.0,1.0,0.0,0.0,0.05047885106342309,0.0,0.0,0.0,0.0,0.0
1.0,48.0,1.0,0,0,0,1,1,3.0,30.0,0.0,2021_03_09,10.0,0.0,0.0,0.0,0.0,0.0,1.0,0.9984038297885895,0.9984038297885895,0.9984038297885895,0.0,0.0,0.0,0.0,0.0,0.0,0.0,0.0,0.0,0.0,0.0,0.0,0.0,0.0,0.0,0.0,0.0,0.0,0.0,0,0.0,0,0,0,1,1,0.0,0.0,0.0,2.0,18,3.0,0.0,0.0,0,0.0,0.0,0.0,0.0,0.0,task_6,1.0,0.0,0.0,0.0,0.0,0.0,0.0,0.0,1.0,0,0,0,1.0,0.0,0.0,0.0,0,0,,,,,,1.0,1.0,0.9984038297885895,0.0,1.0,0.3328012765961965,6.0,0.3333333333333333,0.05047885106342309,0.0,0.0,1.0,0.0,0.0,0.05047885106342309,0.0,0.0,0.0,0.0,0.0
1.0,48.0,1.0,0,0,0,1,1,3.0,30.0,0.0,2021_03_09,10.0,0.0,0.0,0.0,0.0,0.0,1.0,0.9984038297885895,0.9984038297885895,0.9984038297885895,0.0,0.0,0.0,0.0,0.0,0.0,0.0,0.0,0.0,0.0,0.0,0.0,0.0,0.0,0.0,0.0,0.0,0.0,0.0,0,0.0,0,0,0,0,0,0.0,0.0,0.0,1.0,19,3.0,0.0,0.0,0,0.0,0.0,0.0,0.0,0.0,task_3,1.0,0.0,0.0,0.0,0.0,0.0,0.0,0.0,1.0,0,0,0,1.0,0.0,0.0,0.0,0,0,,,,,,1.0,1.0,0.9984038297885895,0.0,1.0,0.3328012765961965,6.0,0.3333333333333333,0.05047885106342309,0.0,0.0,1.0,0.0,0.0,0.05047885106342309,0.0,0.0,0.0,0.0,0.0
1.0,48.0,1.0,0,0,0,1,1,3.0,30.0,0.0,2021_03_09,10.0,0.0,0.0,0.0,0.0,0.0,1.0,0.9984038297885895,0.9984038297885895,0.9984038297885895,0.0,0.0,0.0,0.0,0.0,0.0,0.0,0.0,0.0,0.0,0.0,0.0,0.0,0.0,0.0,0.0,0.0,0.0,0.0,0,0.0,0,0,0,0,0,0.0,0.0,0.0,2.0,20,3.0,0.0,0.0,0,0.0,0.0,0.0,0.0,0.0,task_5,1.0,0.0,0.0,0.0,0.0,0.0,0.0,0.0,1.0,0,0,0,1.0,0.0,0.0,0.0,1,1,,,,,,1.0,1.0,0.9984038297885895,0.0,1.0,0.3328012765961965,6.0,0.3333333333333333,0.05047885106342309,0.0,0.0,1.0,0.0,0.0,0.05047885106342309,0.0,0.0,0.0,0.0,0.0
1.0,48.0,1.0,0,0,0,1,1,3.0,30.0,0.0,2021_03_09,10.0,0.0,0.0,0.0,0.0,0.0,1.0,0.9984038297885895,0.9984038297885895,0.9984038297885895,0.0,0.0,0.0,0.0,0.0,0.0,0.0,0.0,0.0,0.0,0.0,0.0,0.0,0.0,0.0,0.0,0.0,0.0,0.0,0,0.0,0,0,0,0,0,0.0,0.0,0.0,2.0,21,3.0,0.0,0.0,0,0.0,0.0,0.0,0.0,0.0,task_5,1.0,0.0,0.0,0.0,0.0,0.0,0.0,0.0,1.0,0,0,0,1.0,0.0,0.0,0.0,1,1,,,,,,1.0,1.0,0.9984038297885895,0.0,1.0,0.3328012765961965,6.0,0.3333333333333333,0.05047885106342309,0.0,0.0,1.0,0.0,0.0,0.05047885106342309,0.0,0.0,0.0,0.0,0.0
1.0,48.0,1.0,0,0,0,0,0,3.0,30.0,0.0,2021_03_09,10.0,0.0,0.0,0.0,0.0,0.0,1.0,0.9984038297885895,0.9984038297885895,0.9984038297885895,0.0,0.0,0.0,0.0,0.0,0.0,0.0,0.0,0.0,0.0,0.0,0.0,0.0,0.0,0.0,0.0,0.0,0.0,0.0,0,0.0,0,0,0,0,0,0.0,0.0,0.0,1.0,22,3.0,0.0,0.0,0,0.0,0.0,0.0,0.0,0.0,task_1,1.0,0.0,0.0,0.0,0.0,0.0,0.0,0.0,1.0,0,0,0,1.0,0.0,0.0,0.0,1,1,,,,,,1.0,1.0,0.9984038297885895,0.0,1.0,0.3328012765961965,6.0,0.3333333333333333,0.05047885106342309,0.0,0.0,1.0,0.0,0.0,0.05047885106342309,0.0,0.0,0.0,0.0,0.0
1.0,48.0,1.0,0,0,0,1,1,3.0,30.0,0.0,2021_03_09,10.0,0.0,0.0,0.0,0.0,0.0,1.0,0.9984038297885895,0.9984038297885895,0.9984038297885895,0.0,0.0,0.0,0.0,0.0,0.0,0.0,0.0,0.0,0.0,0.0,0.0,0.0,0.0,0.0,0.0,0.0,0.0,0.0,0,0.0,0,0,0,1,1,0.0,0.0,0.0,3.0,23,3.0,0.0,0.0,0,0.0,0.0,0.0,0.0,0.0,task_7,1.0,0.0,0.0,0.0,0.0,0.0,0.0,0.0,1.0,0,0,0,1.0,0.0,0.0,0.0,1,1,,,,,,1.0,1.0,0.9984038297885895,0.0,1.0,0.3328012765961965,6.0,0.3333333333333333,0.05047885106342309,0.0,0.0,1.0,0.0,0.0,0.05047885106342309,0.0,0.0,0.0,0.0,0.0
1.0,48.0,1.0,0,0,0,1,1,3.0,30.0,0.0,2021_03_09,10.0,0.0,0.0,0.0,0.0,0.0,1.0,0.9984038297885895,0.9984038297885895,0.9984038297885895,0.0,0.0,0.0,0.0,0.0,0.0,0.0,0.0,0.0,0.0,0.0,0.0,0.0,0.0,0.0,0.0,0.0,0.0,0.0,0,0.0,0,0,0,1,1,0.0,0.0,0.0,2.0,24,3.0,0.0,0.0,0,0.0,0.0,0.0,0.0,0.0,task_6,1.0,0.0,0.0,0.0,0.0,0.0,0.0,0.0,1.0,0,0,0,1.0,0.0,0.0,0.0,0,0,,,,,,1.0,1.0,0.9984038297885895,0.0,1.0,0.3328012765961965,6.0,0.3333333333333333,0.05047885106342309,0.0,0.0,1.0,0.0,0.0,0.05047885106342309,0.0,0.0,0.0,0.0,0.0
0.0,32.0,1.0,0,0,0,1,1,0.0,30.0,0.0,2021_03_10,10.0,0.0,1.0,0.0,0.0,0.0,3.0,0.6142929409162617,0.4923804671484949,0.32122758298556636,0.0,0.0,0.0,0.0,0.0,0.0,0.0,0.0,0.0,0.0,0.0,0.0,0.0,0.0,0.0,0.0,1.0,7.0,28.333333333333336,0,1.7327248990216555,0,0,0,0,0,6.0238892870660585,0.0,0.0,1.0,25,0.0,7.0,9.0,0,1.0,28.333333333333336,24.802427099703163,28.333333333333336,28.333333333333336,task_3,0.0,0.0,2.0,0.0,0.0,9.509311314525242,9.509311314525242,0.0,2.0,0,0,0,0.0,0.0,1.0,0.0,0,0,1.0,,,1.0,,,0.0,0.5416208775436567,2.5,2.0,2.5812431316315485,9.0,0.15,-7.423118818468394,0.0,0.0,1.0,0.0,28.333333333333336,-1.399229531402335,1.0,2.0,1.0,2.0,3.061812467260346
0.0,53.0,1.0,0,0,0,1,1,0.0,30.0,0.0,2021_03_10,10.0,0.0,1.0,0.0,0.0,0.0,3.0,0.8612595557802882,0.6245642005299665,0.4594795605462493,0.0,0.0,0.0,0.0,0.0,0.0,0.0,0.0,0.0,0.0,0.0,0.0,0.0,0.0,0.0,0.0,1.0,14.0,678.6609753948094,0,0.0,0,0,0,1,1,3.4319999699999997,0.0,0.0,3.0,26,0.0,8.0,16.0,0,1.0,309.0,19.066666499999997,309.0,309.0,task_7,0.0,0.0,2.0,6.186572297479192,6.0,18.039064882018717,11.852492584539526,0.0,2.0,0,0,0,0.0,0.0,1.0,0.0,1,1,1.0,,,,1.0,,0.0,0.8612595557802882,2.5,2.0,2.6291889333670433,9.0,0.15,-57.986270040030334,0.0,0.0,1.0,0.0,309.0,-54.554270070030334,1.0,2.0,1.0,4.0,17.79618595119804
0.0,51.0,1.0,0,0,0,1,2,0.0,30.0,0.0,2021_03_10,10.0,0.0,1.0,1.0,20.0,0.0,3.0,0.8707338607768252,0.6116837903490877,0.37568256959839,0.0,0.0,0.0,0.0,0.0,0.0,0.0,0.0,0.0,0.0,0.0,0.0,0.0,0.0,0.0,0.0,1.0,13.0,166.7967828977454,0,-0.2450724904818662,0,0,0,1,2,8.082280449949085,0.0,0.0,4.0,27,0.0,7.0,16.0,0,1.0,86.33333333333333,46.12692050768203,86.33333333333333,86.33333333333333,task_6,0.0,0.0,2.0,2.9021226307652483,1.0,12.23683053773247,9.334707906967221,0.0,2.0,0,0,0,0.0,0.0,1.0,0.0,0,0,1.0,,,1.0,,,0.0,0.8707338607768252,2.5,2.0,2.630610079116524,9.0,0.15,-17.90754907120487,0.0,0.0,1.0,0.0,86.33333333333333,-9.825268621255784,1.0,2.0,1.0,6.0,12.67653775347091
0.0,51.0,1.0,0,0,0,1,2,0.0,30.0,0.0,2021_03_10,10.0,0.0,1.0,1.0,20.0,0.0,3.0,0.8707338607768252,0.6116837903490877,0.37568256959839,0.0,0.0,0.0,0.0,0.0,0.0,0.0,0.0,0.0,0.0,0.0,0.0,0.0,0.0,0.0,0.0,1.0,13.0,166.7967828977454,0,-0.2450724904818662,0,0,0,0,0,8.082280449949085,0.0,0.0,4.0,28,0.0,7.0,16.0,0,1.0,86.33333333333333,46.12692050768203,86.33333333333333,86.33333333333333,task_5,0.0,0.0,2.0,2.9021226307652483,1.0,12.23683053773247,9.334707906967221,0.0,2.0,0,0,0,0.0,0.0,1.0,0.0,1,2,1.0,,,1.0,,,0.0,0.8707338607768252,2.5,2.0,2.630610079116524,9.0,0.15,-17.90754907120487,0.0,0.0,1.0,0.0,86.33333333333333,-9.825268621255784,1.0,2.0,1.0,6.0,12.67653775347091
0.0,41.0,1.0,0,0,0,1,1,0.0,30.0,0.0,2021_03_10,10.0,0.0,1.0,0.0,0.0,0.0,3.0,0.7928752429687437,0.6313635886193911,0.4492718463724676,0.0,0.0,0.0,0.0,0.0,0.0,0.0,0.0,0.0,0.0,0.0,0.0,0.0,0.0,0.0,0.0,1.0,11.0,411.2974899673476,0,0.0,0,0,0,0,0,15.444002999999999,0.0,0.0,2.0,29,0.0,7.0,13.0,0,1.0,208.13335,85.80001666666668,208.13335,208.13335,task_5,0.0,0.0,3.0,4.257973986003903,3.0,32.279355206508924,28.02138122050502,0.0,3.0,0,0,0,0.0,0.0,1.0,0.0,1,1,1.0,,,1.0,1.0,,0.0,0.7928752429687437,2.5,2.0,2.6189312864453114,9.0,0.15,-39.82104115780078,0.0,0.0,1.0,0.0,208.13335,-24.37703815780078,1.0,2.0,1.0,4.0,3.992828517190468
0.0,51.0,1.0,0,0,0,0,0,0.0,30.0,0.0,2021_03_10,10.0,0.0,1.0,0.0,0.0,0.0,3.0,0.8741829509866602,0.5636117223836213,0.36307770689776003,0.0,0.0,0.0,0.0,0.0,0.0,0.0,0.0,0.0,0.0,0.0,0.0,0.0,0.0,0.0,0.0,1.0,13.0,450.99980434995274,0,0.0,0,0,0,1,1,39.60000000000001,0.0,0.0,1.0,30,0.0,4.0,13.0,0,1.0,433.0,220.0,433.0,433.0,task_2,0.0,0.0,2.0,2.944428681742513,1.0,15.745111335251014,12.8006826535085,0.0,2.0,0,0,0,0.0,0.0,1.0,0.0,0,0,1.0,,,1.0,,,0.0,0.8741829509866602,2.5,2.0,2.631127442647999,9.0,0.15,-80.3080146983832,0.0,0.0,1.0,0.0,433.0,-40.708014698383195,0.0,0.0,1.0,0.0,0.0
0.0,50.0,1.0,0,0,0,0,0,0.0,30.0,0.0,2021_03_12,10.0,0.0,1.0,0.0,0.0,0.0,3.0,0.7550661256598089,0.7252312100029888,0.6759566925218969,0.0,0.0,0.0,0.0,0.0,0.0,0.0,0.0,0.0,0.0,0.0,0.0,0.0,0.0,0.0,0.0,1.0,16.0,550.4494967341469,0,0.0,0,0,0,1,1,0.0,0.0,0.0,1.0,31,0.0,8.0,17.0,0,1.0,1609.710526315788,0.0,1609.710526315788,1609.710526315788,task_2,0.0,0.0,0.0,0.0,0.0,112.93439331749843,112.93439331749843,11.0,11.0,0,0,0,0.0,0.0,0.0,1.0,0,0,,,1.0,,,,0.0,0.7550661256598089,2.5,2.0,2.7516887085532695,2.0,0.3333333333333333,-292.22441457453976,0.0,0.0,1.0,0.0,1609.710526315788,-292.22441457453976,1.0,2.0,1.0,12.0,3370.3502724938403
0.0,44.0,1.0,0,0,0,1,1,0.0,30.0,0.0,2021_03_12,10.0,0.0,1.0,0.0,0.0,0.0,3.0,0.9273207338601244,0.6981451971596366,0.5309427345981027,0.0,0.0,0.0,0.0,0.0,0.0,0.0,0.0,0.0,0.0,0.0,0.0,0.0,0.0,0.0,0.0,1.0,11.0,586.2636211595471,0,0.0,0,0,0,0,0,31.739999999999995,0.0,0.0,1.0,32,0.0,7.0,16.0,0,1.0,264.3333333333333,176.33333333333331,264.3333333333333,264.3333333333333,task_3,0.0,0.0,2.0,6.414386125452123,5.0,14.514967242940683,8.10058111748856,0.0,2.0,0,0,0,0.0,0.0,1.0,0.0,0,0,1.0,,,1.0,,,0.0,0.5309427345981027,2.5,2.0,2.6061885469196207,12.0,0.2,-49.925569692227654,0.0,0.0,1.0,0.0,264.3333333333333,-18.18556969222766,1.0,2.0,1.0,12.0,269.133389093788
0.0,52.0,1.0,0,0,0,1,1,0.0,30.0,0.0,2021_03_12,10.0,0.0,1.0,0.0,0.0,0.0,3.0,0.7780061947056361,0.6551640617627859,0.5382615918242195,0.0,0.0,0.0,0.0,0.0,0.0,0.0,0.0,0.0,0.0,0.0,0.0,0.0,0.0,0.0,0.0,1.0,13.0,150.66666666666666,0,0.0,0,0,0,1,1,8.639999999999997,0.0,0.0,3.0,33,0.0,8.0,15.0,0,1.0,150.66666666666666,47.999999999999986,150.66666666666666,150.66666666666666,task_7,0.0,0.0,2.0,0.0,0.0,13.6167128257071,13.6167128257071,0.0,2.0,0,0,0,0.0,0.0,1.0,0.0,1,1,1.0,,,1.0,,,0.0,0.7780061947056361,2.5,2.0,2.655601238941127,12.0,0.2,-29.510041115047013,0.0,0.0,1.0,0.0,150.66666666666666,-20.870041115047016,1.0,2.0,1.0,4.0,70.48273809523799
0.0,44.0,1.0,0,0,0,0,0,0.0,30.0,0.0,2021_03_12,10.0,0.0,1.0,1.0,15.0,0.0,3.0,0.7939812722427197,0.6746850318602883,0.5309698626072543,0.0,0.0,0.0,0.0,0.0,0.0,0.0,0.0,0.0,0.0,0.0,0.0,0.0,0.0,0.0,0.0,1.0,16.0,154.3658932180254,0,-0.047261284356380884,0,0,0,1,1,7.7595161261305385,0.0,0.0,1.0,34,0.0,8.0,18.0,0,1.0,68.0,43.344729344729345,68.0,68.0,task_2,0.0,0.0,2.0,8.60258884647724,1.0,11.14776626149315,2.5451774150159103,0.0,2.0,0,0,0,0.0,0.0,1.0,0.0,0,0,1.0,,,1.0,,,0.0,0.6991039607308908,2.5,2.0,2.6398207921461783,12.0,0.2,-14.615838712931561,0.0,0.0,1.0,0.0,68.0,-6.8563225868010225,1.0,2.0,1.0,10.0,25.4729643957469
0.0,51.0,1.0,1,1,0,1,2,0.0,30.0,0.3333333333333333,2021_03_12,10.0,2.0,1.0,0.0,0.0,0.0,3.0,0.9410257459918352,0.6212626295592841,0.42802318977505416,0.0,0.0,0.0,0.0,0.0,0.0,0.0,0.0,0.0,0.0,0.0,0.0,0.0,0.0,0.0,0.0,1.0,15.0,5236.950786799119,1,0.0,1,1,0,1,2,151.98678176806135,0.0,0.0,6.0,35,0.0,5.0,15.0,0,1.0,1237.7043431558964,844.3710098225631,1237.7043431558964,1237.7043431558964,task_7,0.0,0.0,2.0,22.957194237563627,4.0,40.45280818071794,17.49561394315431,0.0,2.0,0,0,0,0.0,0.0,1.0,0.0,1,2,1.0,,,,1.0,,0.0,0.9410257459918352,2.5,2.0,2.688205149198367,12.0,0.2,-225.20616640233987,0.0,0.0,1.0,0.0,1237.7043431558964,-73.21938463427853,0.0,0.0,1.0,0.0,0.0
0.0,22.0,1.0,0,0,0,1,1,0.0,22.0,0.5,2021_03_12,10.0,1.0,1.0,0.0,0.0,0.0,3.0,0.7785135543264224,0.48652051518212974,0.2232184889678386,0.0,0.0,0.0,0.0,0.0,0.0,0.0,0.0,0.0,0.0,0.0,0.0,0.0,0.0,0.0,0.0,1.0,11.0,31.06077341787975,1,1.41,0,0,0,0,0,2.6599392152183556,0.0,0.0,2.0,36,0.0,7.0,11.0,0,1.0,15.72744008454642,7.727440084546419,15.72744008454642,15.72744008454642,task_5,0.0,0.0,2.0,2.793208009442517,1.0,8.105126224537427,5.31191821509491,0.0,2.0,1,1,1,0.0,0.0,1.0,0.0,1,1,1.0,,,1.0,,,0.0,0.45782950225212815,2.5,2.0,2.5915659004504255,12.0,0.2,-5.163348525623738,0.0,0.0,1.0,0.0,15.72744008454642,-2.5034093104053827,0.0,0.0,1.0,0.0,0.0
0.0,43.0,1.0,0,0,0,0,0,0.0,30.0,0.0,2021_03_12,10.0,0.0,1.0,0.0,0.0,0.0,3.0,0.9299582408868625,0.6673079766374755,0.5005825879180811,0.0,0.0,0.0,0.0,0.0,0.0,0.0,0.0,0.0,0.0,0.0,0.0,0.0,0.0,0.0,0.0,1.0,13.0,1900.4037269612263,0,0.0,0,0,0,0,0,224.58000000000004,0.0,0.0,1.0,37,0.0,7.0,14.0,0,1.0,1493.6666666666667,1247.6666666666667,1493.6666666666667,1493.6666666666667,task_1,0.0,0.0,2.0,5.794377672827904,5.0,18.836646238809852,13.042268565981948,0.0,2.0,0,0,0,0.0,0.0,1.0,0.0,1,1,1.0,,,1.0,,,0.0,0.9299582408868625,2.5,2.0,2.6859916481773727,12.0,0.2,-271.2773924833597,0.0,0.0,1.0,0.0,1493.6666666666667,-46.697392483359636,1.0,2.0,1.0,2.0,3.9000000000000057
0.0,43.0,1.0,0,0,0,1,1,1.0,30.0,0.5,2021_03_23,10.0,1.0,1.0,0.0,0.0,0.0,3.0,0.7239605376358276,0.49175516589306373,0.35777548115305285,0.0,0.0,0.0,0.0,0.0,0.0,0.0,0.0,0.0,0.0,0.0,0.0,0.0,0.0,0.0,0.0,1.0,10.0,26.34750517397857,1,-0.011758899369346931,0,0,0,0,0,0.020689541011574164,0.0,0.0,2.0,38,1.0,4.0,10.0,0,1.0,18.434603971695964,0.17373639135548657,18.434603971695964,18.434603971695964,task_5,0.0,0.0,2.0,0.0,0.0,12.43728744622351,12.43728744622351,0.0,2.0,1,1,1,0.0,0.0,1.0,0.0,1,1,1.0,,,1.0,,,0.0,0.7239605376358276,2.312430507057891,2.0,2.4394411276957557,10.0,0.17543859649122806,-5.513725729831453,0.0,0.0,1.0,0.0,18.434603971695964,-5.493036188819879,0.0,0.0,0.0,0.0,0.0
0.0,35.0,1.0,0,0,0,1,1,1.0,30.0,0.0,2021_03_23,10.0,0.0,1.0,0.0,0.0,0.0,3.0,0.836493738717843,0.5336604363803255,0.34622655343857617,0.0,0.0,0.0,0.0,0.0,0.0,0.0,0.0,0.0,0.0,0.0,0.0,0.0,0.0,0.0,0.0,1.0,8.0,419.2146568804127,0,0.0,0,0,0,0,0,49.71000000000001,0.0,0.0,1.0,39,1.0,5.0,8.0,0,1.0,383.5,276.1666666666667,383.5,383.5,task_3,0.0,0.0,2.0,6.035097031237457,6.0,15.442359472364249,9.407262441126791,0.0,2.0,0,0,0,0.0,0.0,1.0,0.0,0,0,1.0,,,1.0,,,0.0,0.836493738717843,2.5,2.0,2.6467532874943585,10.0,0.17543859649122806,-71.41207795874493,0.0,0.0,1.0,0.0,383.5,-21.70207795874492,0.0,0.0,0.0,0.0,0.0
0.0,31.0,1.0,0,0,0,0,0,1.0,30.0,0.0,2021_03_23,10.0,0.0,1.0,0.0,0.0,0.0,3.0,0.8117437206884931,0.5133976319288853,0.3455905440262418,0.0,0.0,0.0,0.0,0.0,0.0,0.0,0.0,0.0,0.0,0.0,0.0,0.0,0.0,0.0,0.0,1.0,7.0,202.33333333333334,0,0.0,0,0,0,1,1,31.560000000000002,0.0,0.0,2.0,40,1.0,5.0,7.0,0,1.0,195.33333333333334,175.33333333333334,195.33333333333334,195.33333333333334,task_4,0.0,0.0,2.0,2.0794415416798357,1.0,13.762034737458695,11.682593195778859,0.0,2.0,0,0,0,0.0,0.0,1.0,0.0,1,1,1.0,,,1.0,,,0.0,0.8117437206884931,2.5,2.0,2.642411179068157,10.0,0.17543859649122806,-37.538170061161345,0.0,0.0,1.0,0.0,195.33333333333334,-5.978170061161341,0.0,0.0,0.0,0.0,0.0
0.0,40.0,1.0,0,0,0,0,0,1.0,30.0,0.0,2021_03_23,10.0,0.0,1.0,0.0,0.0,0.0,3.0,0.7459281214416769,0.5001347258216426,0.3596021278978099,0.0,0.0,0.0,0.0,0.0,0.0,0.0,0.0,0.0,0.0,0.0,0.0,0.0,0.0,0.0,0.0,1.0,7.0,173.56185461383092,0,1.206894369833155,0,0,0,0,0,25.368204932849842,0.0,0.0,1.0,41,1.0,4.0,7.0,0,1.0,145.0,134.9,145.0,145.0,task_1,0.0,0.0,2.0,8.807211093807435,2.0,13.02151655427084,4.214305460463406,0.0,2.0,0,0,0,0.0,0.0,1.0,0.0,1,1,1.0,,,1.0,,,0.0,0.7459281214416769,2.5,2.0,2.630864582709066,10.0,0.17543859649122806,-28.46777812443816,0.0,0.0,1.0,0.0,145.0,-3.099573191588318,0.0,0.0,0.0,0.0,0.0
0.0,47.0,1.0,0,0,0,0,0,1.0,30.0,0.0,2021_03_23,10.0,0.0,1.0,0.0,0.0,0.0,3.0,0.8653090579152616,0.5618189513907662,0.39393026087063115,0.0,0.0,0.0,0.0,0.0,0.0,0.0,0.0,0.0,0.0,0.0,0.0,0.0,0.0,0.0,0.0,1.0,12.0,237.9980365323972,0,0.0,0,0,0,0,0,2.400000000000002,0.0,0.0,1.0,42,1.0,4.0,12.0,0,1.0,132.33333333333334,13.333333333333343,132.33333333333334,132.33333333333334,task_1,0.0,0.0,2.0,5.342852258439873,5.0,15.561283969672626,10.218431711232753,0.0,2.0,0,0,0,0.0,0.0,1.0,0.0,1,1,1.0,,,,1.0,,0.0,0.8653090579152616,2.5,2.0,2.6518086066518003,10.0,0.17543859649122806,-26.20662774598662,0.0,0.0,1.0,0.0,132.33333333333334,-23.806627745986617,0.0,0.0,0.0,0.0,0.0
0.0,33.0,1.0,1,1,1,1,1,1.0,30.0,0.3333333333333333,2021_03_23,10.0,1.0,1.0,0.0,0.0,0.0,3.0,0.7232536555808037,0.484818334802432,0.35198420819461634,0.0,0.0,0.0,0.0,0.0,0.0,0.0,0.0,0.0,0.0,0.0,0.0,0.0,0.0,0.0,0.0,1.0,7.0,97.87063374865404,1,0.0,0,0,0,1,1,3.0600000000000023,0.0,0.0,3.0,43,1.0,4.0,7.0,0,1.0,87.33333333333333,17.0,87.33333333333333,87.33333333333333,task_7,0.0,0.0,2.0,1.8775948871412638,2.0,11.765293843295282,9.887698956154019,0.0,2.0,0,0,0,0.0,0.0,1.0,0.0,1,1,1.0,,,1.0,,,0.0,0.7232536555808037,2.5,2.0,2.6268866062422465,10.0,0.17543859649122806,-18.084197945618023,0.0,0.0,1.0,0.0,87.33333333333333,-15.02419794561802,0.0,0.0,0.0,0.0,0.0
0.0,31.0,1.0,0,0,0,1,1,1.0,30.0,0.0,2021_03_23,10.0,0.0,1.0,0.0,0.0,0.0,3.0,0.7208443722499607,0.47400044628534993,0.31830186042734027,0.0,0.0,0.0,0.0,0.0,0.0,0.0,0.0,0.0,0.0,0.0,0.0,0.0,0.0,0.0,0.0,1.0,7.0,51.7812344099971,0,0.11304198461241599,0,0,0,1,1,0.10173778615117435,0.0,0.0,3.0,44,1.0,4.0,7.0,0,1.0,23.142021996353975,0.0,23.142021996353975,23.142021996353975,task_7,0.0,0.0,3.0,1.9472433749224778,3.0,22.161287935449963,20.214044560527483,0.0,3.0,0,0,0,0.0,0.0,1.0,0.0,1,1,1.0,,,1.0,1.0,,0.0,0.3828551061787489,2.5,2.0,2.6767023566978843,6.0,0.46153846153846156,-6.574596080371811,0.0,0.0,1.0,0.0,23.142021996353975,-6.472858294220637,0.0,0.0,0.0,0.0,0.0
0.0,41.0,1.0,0,0,0,1,1,0.0,30.0,0.0,2021_03_04,10.0,0.0,1.0,0.0,0.0,0.0,3.0,0.7507259605766999,0.5622720992469357,0.41859772222767727,20.0,1.0,0.8266666666666667,0.75,20.0,1.0,0.733095238095238,0.6,20.0,3.0,2.8,2.0,20.0,9.0,6.5,2.0,1.0,15.0,186.13130713752082,0,-0.30569024260518374,0,0,0,0,0,22.177443337721847,0.0,0.0,1.0,45,0.0,7.0,17.0,0,1.0,170.9182879377432,124.73646975592506,170.9182879377432,170.9182879377432,task_3,0.0,0.0,2.0,3.676300671907076,1.0,13.930048234506216,10.253747562599141,0.0,2.0,0,0,0,0.0,0.0,1.0,0.0,0,0,1.0,,,1.0,,,0.0,0.5174926149364296,2.5,2.0,2.6129074796224936,12.0,0.21818181818181817,-33.11690856045402,0.0,0.0,1.0,0.0,170.9182879377432,-10.939465222732174,0.0,0.0,1.0,4.0,16.288032441072808
0.0,33.0,1.0,0,0,0,0,0,0.0,30.0,0.0,2021_03_04,10.0,0.0,1.0,0.0,0.0,0.0,3.0,0.7783030992583968,0.6609414144697792,0.5128522117013719,0.0,0.0,0.0,0.0,0.0,0.0,0.0,0.0,0.0,0.0,0.0,0.0,0.0,0.0,0.0,0.0,1.0,12.0,4230.427949053391,0,0.0,0,0,0,1,1,1.9815176761063906,0.0,0.0,1.0,46,0.0,7.0,14.0,0,1.0,54.81229447717619,11.008431533924387,54.81229447717619,54.81229447717619,task_2,0.0,0.0,2.0,17.526350688773853,10.0,30.127693738234694,12.60134304946084,0.0,2.0,0,0,0,0.0,0.0,1.0,0.0,0,0,1.0,,,,1.0,,0.0,0.5128522117013719,2.5,2.0,3.0128522117013716,1.0,1.0,-12.577779996422949,0.0,0.0,1.0,0.0,54.81229447717619,-10.596262320316558,1.0,2.0,1.0,4.0,21.018236963539746
0.0,44.0,1.0,0,0,0,0,0,1.0,30.0,0.0,2021_03_04,10.0,0.0,0.0,0.0,0.0,0.0,3.0,0.9022458545584383,0.695209975938624,0.5568096517925858,20.0,1.0,0.8466666666666667,0.75,20.0,0.75,0.6814285714285714,0.6,20.0,3.0,2.7,2.0,20.0,9.0,7.3,3.0,1.0,12.0,3204.3896807179217,0,0.16404147168472516,0,0,0,0,0,19.990792537348234,0.0,0.0,1.0,47,1.0,6.0,16.0,0,1.0,307.5730845157333,110.23975118239994,307.5730845157333,307.5730845157333,task_1,0.0,0.0,2.0,22.99405734057301,10.0,38.98919288282042,15.995135542247407,0.0,2.0,0,0,0,0.0,0.0,1.0,0.0,1,1,1.0,,,,1.0,,0.0,0.9022458545584383,2.5,2.0,2.8007486181861463,4.0,0.3333333333333333,-57.88382896919952,0.0,0.0,1.0,0.0,307.5730845157333,-37.893036431851286,1.0,2.0,1.0,9.0,16.3791923421301
0.0,34.0,1.0,0,0,0,0,0,0.0,30.0,0.0,2021_03_04,10.0,0.0,1.0,0.0,0.0,0.0,3.0,0.8336144901022263,0.5902842276073292,0.4483615737886255,0.0,0.0,0.0,0.0,0.0,0.0,0.0,0.0,0.0,0.0,0.0,0.0,0.0,0.0,0.0,0.0,1.0,13.0,230.3222497489652,0,0.0,0,0,0,1,1,0.8123376623376526,0.0,0.0,1.0,48,0.0,5.0,13.0,0,1.0,37.7272727272727,4.512987012986962,37.7272727272727,37.7272727272727,task_2,0.0,0.0,3.0,7.782157214908233,8.0,16.774540275516248,8.992383060608015,0.0,3.0,0,0,0,0.0,0.0,1.0,0.0,0,0,1.0,,,1.0,1.0,,0.0,0.4888766189311357,2.5,2.0,2.9888766189311355,1.0,1.0,-9.480898047947107,0.0,0.0,1.0,0.0,37.7272727272727,-8.668560385609455,0.0,0.0,1.0,0.0,0.0
0.0,31.0,1.0,1,1,0,1,2,1.0,30.0,0.25,2021_03_04,10.0,1.0,0.0,0.0,0.0,0.0,3.0,0.8732815179579854,0.6868890423676172,0.5109362595945871,0.0,0.0,0.0,0.0,0.0,0.0,0.0,0.0,0.0,0.0,0.0,0.0,0.0,0.0,0.0,0.0,1.0,10.0,1830.5192086175582,1,-0.32040211022193565,0,0,0,0,0,69.18860543193583,0.0,0.0,4.0,49,1.0,6.0,11.0,0,1.0,538.8237590502682,385.983151839642,538.8237590502682,538.8237590502682,task_5,0.0,0.0,1.0,12.382125756064045,3.0,24.177128444480033,11.795002688415988,0.0,1.0,0,0,0,0.0,0.0,1.0,0.0,1,2,1.0,,,,,,0.0,0.8732815179579854,2.5,2.0,2.6905341493726516,12.0,0.21818181818181817,-99.40975736348366,0.0,0.0,1.0,0.0,538.8237590502682,-30.221151931547844,1.0,2.0,1.0,2.0,7.6108108108108725
0.0,37.0,1.0,0,0,0,0,0,1.0,30.0,0.0,2021_03_04,10.0,0.0,0.0,0.0,0.0,0.0,3.0,0.8454901137441838,0.649185840987465,0.3623413717115579,0.0,0.0,0.0,0.0,0.0,0.0,0.0,0.0,0.0,0.0,0.0,0.0,0.0,0.0,0.0,0.0,1.0,9.0,212.8318318318319,0,-0.12043526609509447,0,0,0,0,0,17.783860512766665,0.0,0.0,2.0,50,1.0,5.0,11.0,0,1.0,183.33333333333334,99.4014014014014,183.33333333333334,183.33333333333334,task_1,0.0,0.0,2.0,2.7218338957189916,1.0,13.604364282135563,10.882530386416573,0.0,2.0,0,0,0,0.0,0.0,1.0,0.0,1,2,1.0,,,1.0,,,0.0,0.7397260375066534,2.5,2.0,2.6613947718196336,12.0,0.21818181818181817,-35.39525529463767,0.0,0.0,1.0,0.0,183.33333333333334,-17.611394781871006,1.0,2.0,1.0,4.0,48.94948717948708
0.0,37.0,1.0,0,0,0,0,0,1.0,30.0,0.0,2021_03_04,10.0,0.0,0.0,0.0,0.0,0.0,3.0,0.8454901137441838,0.649185840987465,0.3623413717115579,0.0,0.0,0.0,0.0,0.0,0.0,0.0,0.0,0.0,0.0,0.0,0.0,0.0,0.0,0.0,0.0,1.0,9.0,212.8318318318319,0,-0.12043526609509447,0,0,0,0,0,17.783860512766665,0.0,0.0,2.0,51,1.0,5.0,11.0,0,1.0,183.33333333333334,99.4014014014014,183.33333333333334,183.33333333333334,task_1,0.0,0.0,2.0,2.7218338957189916,1.0,13.604364282135563,10.882530386416573,0.0,2.0,0,0,0,0.0,0.0,1.0,0.0,1,2,1.0,,,1.0,,,0.0,0.7397260375066534,2.5,2.0,2.6613947718196336,12.0,0.21818181818181817,-35.39525529463767,0.0,0.0,1.0,0.0,183.33333333333334,-17.611394781871006,1.0,2.0,1.0,4.0,48.94948717948708
0.0,31.0,1.0,1,1,0,1,2,1.0,30.0,0.5,2021_03_04,10.0,2.0,0.0,0.0,0.0,0.0,3.0,0.8732815179579854,0.6868890423676172,0.5109362595945871,0.0,0.0,0.0,0.0,0.0,0.0,0.0,0.0,0.0,0.0,0.0,0.0,0.0,0.0,0.0,0.0,1.0,10.0,1830.5192086175582,1,-0.32040211022193565,1,1,0,1,2,69.18860543193583,0.0,0.0,4.0,52,1.0,6.0,11.0,0,1.0,538.8237590502682,385.983151839642,538.8237590502682,538.8237590502682,task_6,0.0,0.0,1.0,12.382125756064045,3.0,24.177128444480033,11.795002688415988,0.0,1.0,0,0,0,0.0,0.0,1.0,0.0,0,0,1.0,,,,,,0.0,0.8732815179579854,2.5,2.0,2.6905341493726516,12.0,0.21818181818181817,-99.40975736348366,0.0,0.0,1.0,0.0,538.8237590502682,-30.221151931547844,1.0,2.0,1.0,2.0,7.6108108108108725
0.0,39.0,2.0,0,0,0,0,0,1.0,30.0,0.0,2021_03_06,10.0,0.0,1.0,0.0,0.0,0.0,2.0,0.7021852950307864,0.49227739330648423,0.28236949158218205,0.0,0.0,0.0,0.0,0.0,0.0,0.0,0.0,0.0,0.0,0.0,0.0,0.0,0.0,0.0,0.0,0.0,0.0,0.0,0,0.0,0,0,0,0,0,0.0,0.0,0.0,1.0,53,1.0,3.0,7.0,0,2.0,7.731249999999942,0.0,7.731249999999942,7.731249999999942,task_1,0.0,0.0,0.0,0.0,0.0,9.04091659340567,9.04091659340567,1.0,1.0,0,0,0,0.0,0.0,0.0,1.0,1,1,,,1.0,,,,0.0,0.28236949158218205,1.5269999999999906,2.0,1.5975923728955361,1.0,0.25,-2.829458135605972,0.0,0.0,1.0,0.0,7.731249999999942,-2.829458135605972,1.0,2.0,1.0,7.0,20.151844532279313
0.0,58.0,1.0,0,0,0,1,1,1.0,30.0,0.0,2021_03_06,10.0,0.0,1.0,0.0,0.0,0.0,3.0,0.8032966366534414,0.37996502229804663,0.15891733567264377,0.0,0.0,0.0,0.0,0.0,0.0,0.0,0.0,0.0,0.0,0.0,0.0,0.0,0.0,0.0,0.0,0.0,0.0,0.0,0,0.0,0,0,0,1,1,0.0,0.0,0.0,3.0,54,1.0,2.0,7.0,0,1.0,10.232088799192738,0.0,10.232088799192738,10.232088799192738,task_7,0.0,0.0,0.0,0.0,0.0,26.264950005567268,26.264950005567268,3.0,3.0,0,0,0,0.0,0.0,0.0,1.0,1,1,,,1.0,,,,0.0,0.8032966366534414,2.5,2.0,2.70082415916336,1.0,0.25,-4.272517727101717,0.0,0.0,1.0,0.0,10.232088799192738,-4.272517727101717,1.0,2.0,1.0,7.0,30.88094725145921
1.0,56.0,1.0,0,0,0,1,1,3.0,30.0,0.0,2021_03_07,10.0,0.0,0.0,0.0,0.0,0.0,1.0,0.9982953841253283,0.9982953841253283,0.9982953841253283,0.0,0.0,0.0,0.0,0.0,0.0,0.0,0.0,0.0,0.0,0.0,0.0,0.0,0.0,0.0,0.0,0.0,0.0,0.0,0,0.0,0,0,0,0,0,0.0,0.0,0.0,2.0,55,3.0,0.0,0.0,0,0.0,0.0,0.0,0.0,0.0,task_5,1.0,0.0,0.0,0.0,0.0,0.0,0.0,0.0,1.0,0,0,0,1.0,0.0,0.0,0.0,1,1,,,,,,1.0,1.0,0.9982953841253283,0.0,1.0,0.21702073567941918,5.0,0.21739130434782608,0.1546813378885227,0.0,0.0,1.0,0.0,0.0,0.1546813378885227,0.0,0.0,0.0,0.0,0.0
1.0,56.0,1.0,0,0,0,1,1,3.0,30.0,0.0,2021_03_07,10.0,0.0,0.0,0.0,0.0,0.0,1.0,0.9982953841253283,0.9982953841253283,0.9982953841253283,0.0,0.0,0.0,0.0,0.0,0.0,0.0,0.0,0.0,0.0,0.0,0.0,0.0,0.0,0.0,0.0,0.0,0.0,0.0,0,0.0,0,0,0,1,1,0.0,0.0,0.0,3.0,56,3.0,0.0,0.0,0,0.0,0.0,0.0,0.0,0.0,task_7,1.0,0.0,0.0,0.0,0.0,0.0,0.0,0.0,1.0,0,0,0,1.0,0.0,0.0,0.0,1,1,,,,,,1.0,1.0,0.9982953841253283,0.0,1.0,0.21702073567941918,5.0,0.21739130434782608,0.1546813378885227,0.0,0.0,1.0,0.0,0.0,0.1546813378885227,0.0,0.0,0.0,0.0,0.0
1.0,48.0,1.0,0,0,0,0,0,3.0,30.0,0.0,2021_03_09,10.0,0.0,0.0,0.0,0.0,0.0,1.0,0.9984038297885895,0.9984038297885895,0.9984038297885895,0.0,0.0,0.0,0.0,0.0,0.0,0.0,0.0,0.0,0.0,0.0,0.0,0.0,0.0,0.0,0.0,0.0,0.0,0.0,0,0.0,0,0,0,1,1,0.0,0.0,0.0,1.0,57,3.0,0.0,0.0,0,0.0,0.0,0.0,0.0,0.0,task_2,1.0,0.0,0.0,0.0,0.0,0.0,0.0,0.0,1.0,0,0,0,1.0,0.0,0.0,0.0,0,0,,,,,,1.0,1.0,0.9984038297885895,0.0,1.0,0.3328012765961965,6.0,0.3333333333333333,0.05047885106342309,0.0,0.0,1.0,0.0,0.0,0.05047885106342309,0.0,0.0,0.0,0.0,0.0
1.0,48.0,1.0,0,0,0,0,0,3.0,30.0,0.0,2021_03_09,10.0,0.0,0.0,0.0,0.0,0.0,1.0,0.9984038297885895,0.9984038297885895,0.9984038297885895,0.0,0.0,0.0,0.0,0.0,0.0,0.0,0.0,0.0,0.0,0.0,0.0,0.0,0.0,0.0,0.0,0.0,0.0,0.0,0,0.0,0,0,0,1,1,0.0,0.0,0.0,1.0,58,3.0,0.0,0.0,0,0.0,0.0,0.0,0.0,0.0,task_2,1.0,0.0,0.0,0.0,0.0,0.0,0.0,0.0,1.0,0,0,0,1.0,0.0,0.0,0.0,0,0,,,,,,1.0,1.0,0.9984038297885895,0.0,1.0,0.3328012765961965,6.0,0.3333333333333333,0.05047885106342309,0.0,0.0,1.0,0.0,0.0,0.05047885106342309,0.0,0.0,0.0,0.0,0.0
1.0,48.0,1.0,0,0,0,1,1,3.0,30.0,0.0,2021_03_09,10.0,0.0,0.0,0.0,0.0,0.0,1.0,0.9984038297885895,0.9984038297885895,0.9984038297885895,0.0,0.0,0.0,0.0,0.0,0.0,0.0,0.0,0.0,0.0,0.0,0.0,0.0,0.0,0.0,0.0,0.0,0.0,0.0,0,0.0,0,0,0,1,1,0.0,0.0,0.0,2.0,59,3.0,0.0,0.0,0,0.0,0.0,0.0,0.0,0.0,task_6,1.0,0.0,0.0,0.0,0.0,0.0,0.0,0.0,1.0,0,0,0,1.0,0.0,0.0,0.0,0,0,,,,,,1.0,1.0,0.9984038297885895,0.0,1.0,0.3328012765961965,6.0,0.3333333333333333,0.05047885106342309,0.0,0.0,1.0,0.0,0.0,0.05047885106342309,0.0,0.0,0.0,0.0,0.0
1.0,48.0,1.0,0,0,0,0,0,3.0,30.0,0.0,2021_03_09,10.0,0.0,0.0,0.0,0.0,0.0,1.0,0.9984038297885895,0.9984038297885895,0.9984038297885895,0.0,0.0,0.0,0.0,0.0,0.0,0.0,0.0,0.0,0.0,0.0,0.0,0.0,0.0,0.0,0.0,0.0,0.0,0.0,0,0.0,0,0,0,1,1,0.0,0.0,0.0,2.0,60,3.0,0.0,0.0,0,0.0,0.0,0.0,0.0,0.0,task_4,1.0,0.0,0.0,0.0,0.0,0.0,0.0,0.0,1.0,0,0,0,1.0,0.0,0.0,0.0,1,1,,,,,,1.0,1.0,0.9984038297885895,0.0,1.0,0.3328012765961965,6.0,0.3333333333333333,0.05047885106342309,0.0,0.0,1.0,0.0,0.0,0.05047885106342309,0.0,0.0,0.0,0.0,0.0
0.0,38.0,1.0,1,1,1,1,1,0.0,30.0,0.5,2021_03_10,10.0,1.0,1.0,0.0,0.0,0.0,3.0,0.959991025460776,0.5659381640733029,0.27098121203723635,0.0,0.0,0.0,0.0,0.0,0.0,0.0,0.0,0.0,0.0,0.0,0.0,0.0,0.0,0.0,0.0,1.0,13.0,1858.5538461538463,1,-0.4266626779825673,0,0,0,0,0,256.7593214254871,0.0,0.0,2.0,61,0.0,9.0,18.0,0,1.0,1676.2,1428.573987975952,1676.2,1676.2,task_5,0.0,0.0,2.0,5.211417871411287,5.0,19.124702538241518,13.913284666830231,0.0,2.0,0,0,0,0.0,0.0,1.0,0.0,1,1,1.0,,,1.0,,,0.0,0.959991025460776,2.5,2.0,2.6066656694956416,1.0,0.1111111111111111,-304.0619991025461,0.0,0.0,1.0,0.0,1676.2,-47.302677677059044,1.0,2.0,1.0,12.0,99.28876833687258
0.0,36.0,1.0,0,0,0,0,0,0.0,30.0,0.0,2021_03_10,10.0,0.0,1.0,0.0,0.0,0.0,3.0,0.9386532450198498,0.5863372111571749,0.2870905413625436,0.0,0.0,0.0,0.0,0.0,0.0,0.0,0.0,0.0,0.0,0.0,0.0,0.0,0.0,0.0,0.0,1.0,13.0,29.759796765939285,0,0.47362560145060373,0,0,0,1,1,0.4262630413055426,0.0,0.0,1.0,62,0.0,9.0,18.0,0,1.0,27.57698977456198,0.0,27.57698977456198,27.57698977456198,task_2,0.0,0.0,2.0,2.2780840067527803,3.0,9.444004601655188,7.165920594902407,0.0,2.0,0,0,0,0.0,0.0,1.0,0.0,0,0,1.0,,,1.0,,,0.0,0.9386532450198498,2.5,2.0,3.0214740250110275,5.0,0.5555555555555556,-7.683184781931081,0.0,0.0,1.0,0.0,27.57698977456198,-7.256921740625538,1.0,2.0,1.0,12.0,68.02439135316719
0.0,46.0,1.0,1,1,1,1,1,0.0,30.0,1.0,2021_03_10,10.0,1.0,1.0,0.0,0.0,0.0,3.0,0.8910553038293352,0.6523648938404079,0.44187346745148853,0.0,0.0,0.0,0.0,0.0,0.0,0.0,0.0,0.0,0.0,0.0,0.0,0.0,0.0,0.0,0.0,1.0,12.0,1826.9250624185252,1,-0.30821517187708825,0,0,0,0,0,185.7400127524477,0.0,0.0,1.0,63,0.0,6.0,16.0,1,1.0,1241.657587548638,1033.4300355952062,1241.657587548638,1241.657587548638,task_3,0.0,0.0,1.0,7.5750075809534705,2.0,22.137838587725813,14.562831006772342,0.0,1.0,0,0,0,0.0,0.0,1.0,0.0,0,0,1.0,,,,,,0.0,0.8910553038293352,2.5,2.0,2.6336582955744,9.0,0.15,-225.8686582247718,0.0,0.0,1.0,0.0,1241.657587548638,-40.128645472324074,1.0,2.0,1.0,4.0,100.43894782420455
0.0,51.0,1.0,1,1,1,1,1,0.0,30.0,1.0,2021_03_10,10.0,2.0,1.0,1.0,15.0,0.0,3.0,0.9445285114398174,0.6225898822650615,0.4188796870047298,0.0,0.0,0.0,0.0,0.0,0.0,0.0,0.0,0.0,0.0,0.0,0.0,0.0,0.0,0.0,0.0,1.0,13.0,107759.05107812653,1,-0.36268217163466465,0,0,0,0,0,9196.025185602732,0.0,0.0,2.0,64,0.0,5.0,13.0,1,1.0,51501.4,51090.84221976224,51501.4,51501.4,task_5,0.0,0.0,1.0,13.048729666841234,3.0,30.3818017621762,17.333072095334963,0.0,1.0,1,1,1,0.0,0.0,1.0,0.0,1,1,1.0,,,,,,0.0,0.9445285114398174,2.5,2.0,2.6416792767159727,9.0,0.15,-9272.629511349045,0.0,0.0,1.0,0.0,51501.4,-76.6043257463129,0.0,0.0,1.0,0.0,0.0
0.0,37.0,1.0,1,2,1,1,2,0.0,30.0,0.6666666666666666,2021_03_10,10.0,4.0,1.0,0.0,0.0,0.0,3.0,0.7555320853933654,0.5010863636721251,0.3225995273452123,0.0,0.0,0.0,0.0,0.0,0.0,0.0,0.0,0.0,0.0,0.0,0.0,0.0,0.0,0.0,0.0,1.0,9.0,5021.250958677179,1,0.0,1,2,1,1,2,357.69480904085765,0.0,0.0,6.0,65,0.0,5.0,9.0,0,1.0,2445.293103448276,1987.1933835603206,2445.293103448276,2445.293103448276,task_7,0.0,0.0,2.0,10.67832821015873,3.0,20.0683228469224,9.389994636763669,0.0,2.0,0,0,0,0.0,0.0,1.0,0.0,1,2,1.0,,,1.0,,,0.0,0.7555320853933654,2.5,2.0,2.613329812809005,9.0,0.15,-442.5047554522177,0.0,0.0,1.0,0.0,2445.293103448276,-84.80994641136003,0.0,0.0,1.0,0.0,0.0
0.0,37.0,1.0,1,2,1,1,2,0.0,30.0,0.5,2021_03_10,10.0,2.0,1.0,0.0,0.0,0.0,3.0,0.7555320853933654,0.5010863636721251,0.3225995273452123,0.0,0.0,0.0,0.0,0.0,0.0,0.0,0.0,0.0,0.0,0.0,0.0,0.0,0.0,0.0,0.0,1.0,9.0,5021.250958677179,1,0.0,0,0,0,0,0,357.69480904085765,0.0,0.0,4.0,66,0.0,5.0,9.0,0,1.0,2445.293103448276,1987.1933835603206,2445.293103448276,2445.293103448276,task_5,0.0,0.0,2.0,10.67832821015873,3.0,20.0683228469224,9.389994636763669,0.0,2.0,0,0,0,0.0,0.0,1.0,0.0,1,2,1.0,,,1.0,,,0.0,0.7555320853933654,2.5,2.0,2.613329812809005,9.0,0.15,-442.5047554522177,0.0,0.0,1.0,0.0,2445.293103448276,-84.80994641136003,0.0,0.0,1.0,0.0,0.0
0.0,51.0,1.0,0,0,0,0,0,0.0,30.0,0.25,2021_03_12,10.0,1.0,1.0,0.0,0.0,0.0,3.0,0.9410257459918352,0.6212626295592841,0.42802318977505416,0.0,0.0,0.0,0.0,0.0,0.0,0.0,0.0,0.0,0.0,0.0,0.0,0.0,0.0,0.0,0.0,1.0,15.0,5236.950786799119,1,0.0,1,1,0,1,2,151.98678176806135,0.0,0.0,4.0,67,0.0,5.0,15.0,0,1.0,1237.7043431558964,844.3710098225631,1237.7043431558964,1237.7043431558964,task_4,0.0,0.0,2.0,22.957194237563627,4.0,40.45280818071794,17.49561394315431,0.0,2.0,0,0,0,0.0,0.0,1.0,0.0,1,2,1.0,,,,1.0,,0.0,0.9410257459918352,2.5,2.0,2.688205149198367,12.0,0.2,-225.20616640233987,0.0,0.0,1.0,0.0,1237.7043431558964,-73.21938463427853,0.0,0.0,1.0,0.0,0.0
0.0,34.0,1.0,0,0,0,0,0,0.0,30.0,1.0,2021_03_04,10.0,1.0,1.0,0.0,0.0,0.0,3.0,0.8376737197017529,0.5938101520805942,0.461537454656148,0.0,0.0,0.0,0.0,0.0,0.0,0.0,0.0,0.0,0.0,0.0,0.0,0.0,0.0,0.0,0.0,1.0,13.0,3061.336206778934,1,0.0,1,1,1,1,1,100.8161005359453,0.0,0.0,1.0,68,0.0,5.0,13.0,1,1.0,590.3751617076326,560.0894474219183,590.3751617076326,590.3751617076326,task_2,0.0,0.0,2.0,36.35318391993779,7.0,59.68240751129339,23.3292235913556,0.0,2.0,0,0,0,0.0,0.0,1.0,0.0,0,0,1.0,,,,1.0,,0.0,0.4822192818838816,2.5,2.0,2.9822192818838817,1.0,1.0,-108.95152646106936,0.0,0.0,1.0,0.0,590.3751617076326,-8.13542592512407,0.0,0.0,1.0,0.0,0.0
0.0,42.0,1.0,1,1,1,1,1,1.0,30.0,0.5,2021_03_04,10.0,1.0,0.0,0.0,0.0,0.0,3.0,0.9350995612626971,0.6822898514791813,0.4600389853663376,0.0,0.0,0.0,0.0,0.0,0.0,0.0,0.0,0.0,0.0,0.0,0.0,0.0,0.0,0.0,0.0,1.0,13.0,3876.527969408526,1,0.25601726290902205,0,0,0,0,0,64.24029204022771,0.0,0.0,2.0,69,1.0,6.0,14.0,0,1.0,673.1104250200533,355.6104250200533,673.1104250200533,673.1104250200533,task_5,0.0,0.0,1.0,35.164782265743426,10.0,57.075770491517076,21.91098822577365,0.0,1.0,0,0,0,0.0,0.0,1.0,0.0,1,1,1.0,,,,,,0.0,0.4600389853663376,2.5,2.0,2.960038985366338,1.0,1.0,-123.8239115904393,0.0,0.0,1.0,0.0,673.1104250200533,-59.58361955021158,1.0,2.0,1.0,2.0,3.036842105263156
0.0,36.0,2.0,0,0,0,1,1,1.0,30.0,0.0,2021_03_06,10.0,0.0,1.0,0.0,0.0,0.0,2.0,0.721892847440212,0.44576576396508377,0.16963868048995553,0.0,0.0,0.0,0.0,0.0,0.0,0.0,0.0,0.0,0.0,0.0,0.0,0.0,0.0,0.0,0.0,0.0,0.0,0.0,0,0.0,0,0,0,1,1,0.1800000000000006,0.0,0.0,3.0,70,1.0,3.0,12.0,0,2.0,14.444444444444482,1.0,14.444444444444482,14.444444444444482,task_7,0.0,0.0,0.0,0.0,0.0,10.058753960783129,10.058753960783129,1.0,1.0,0,0,0,0.0,0.0,0.0,1.0,1,1,,,1.0,,,,0.0,0.16963868048995553,2.5,2.0,2.5424096701224888,1.0,0.25,-4.888168703110247,0.0,0.0,1.0,0.0,14.444444444444482,-4.708168703110246,1.0,2.0,1.0,12.0,66.10922848088433
0.0,45.0,2.0,0,0,0,1,1,1.0,30.0,0.0,2021_03_06,10.0,0.0,1.0,0.0,0.0,0.0,2.0,0.7184283961295582,0.45892822662532773,0.1994280571210972,0.0,0.0,0.0,0.0,0.0,0.0,0.0,0.0,0.0,0.0,0.0,0.0,0.0,0.0,0.0,0.0,0.0,0.0,0.0,0,-0.6716647812708421,0,0,0,1,1,0.24678257805214887,0.0,0.0,2.0,71,1.0,3.0,12.0,0,2.0,7.776829268292673,2.7848937844217048,7.776829268292673,7.776829268292673,task_6,0.0,0.0,0.0,4.643812940344655,1.0,10.290655732126776,5.646842791782121,1.0,1.0,0,0,0,0.0,0.0,0.0,1.0,0,0,,,1.0,,,,0.0,0.1994280571210972,1.8682817539650782,2.0,1.9181387682453526,1.0,0.25,-3.126154159713498,0.0,0.0,1.0,0.0,7.776829268292673,-2.879371581661349,1.0,2.0,1.0,12.0,74.45594511746509
0.0,24.0,2.0,0,0,0,1,1,1.0,24.0,0.0,2021_03_06,10.0,0.0,1.0,0.0,0.0,0.0,2.0,0.6335715584041545,0.5296617148869632,0.42575187136977194,0.0,0.0,0.0,0.0,0.0,0.0,0.0,0.0,0.0,0.0,0.0,0.0,0.0,0.0,0.0,0.0,0.0,0.0,0.0,0,0.0,0,0,0,1,1,0.0,0.0,0.0,2.0,72,1.0,3.0,4.0,0,2.0,61.899999999999984,0.0,61.899999999999984,61.899999999999984,task_6,0.0,0.0,0.0,0.0,0.0,12.356363374355215,12.356363374355215,1.0,1.0,0,0,0,0.0,0.0,0.0,1.0,0,0,,,1.0,,,,0.0,0.42575187136977194,2.5,2.0,2.606437967842443,1.0,0.25,-13.487794171058194,0.0,0.0,1.0,0.0,61.899999999999984,-13.487794171058194,1.0,2.0,1.0,4.0,121.79999999999997
1.0,56.0,1.0,0,0,0,0,0,3.0,30.0,1.0,2021_03_07,10.0,1.0,0.0,0.0,0.0,0.0,1.0,0.9982953841253283,0.9982953841253283,0.9982953841253283,0.0,0.0,0.0,0.0,0.0,0.0,0.0,0.0,0.0,0.0,0.0,0.0,0.0,0.0,0.0,0.0,0.0,0.0,0.0,1,0.0,1,1,1,1,1,0.0,0.0,0.0,1.0,73,3.0,0.0,0.0,1,0.0,0.0,0.0,0.0,0.0,task_2,1.0,0.0,0.0,0.0,0.0,0.0,0.0,0.0,1.0,0,0,0,1.0,0.0,0.0,0.0,0,0,,,,,,1.0,1.0,0.9982953841253283,0.0,1.0,0.21702073567941918,5.0,0.21739130434782608,0.1546813378885227,0.0,0.0,1.0,0.0,0.0,0.1546813378885227,0.0,0.0,0.0,0.0,0.0
1.0,56.0,1.0,0,0,0,0,0,3.0,30.0,0.5,2021_03_07,10.0,1.0,0.0,0.0,0.0,0.0,1.0,0.9982953841253283,0.9982953841253283,0.9982953841253283,0.0,0.0,0.0,0.0,0.0,0.0,0.0,0.0,0.0,0.0,0.0,0.0,0.0,0.0,0.0,0.0,0.0,0.0,0.0,1,0.0,1,1,1,1,1,0.0,0.0,0.0,2.0,74,3.0,0.0,0.0,0,0.0,0.0,0.0,0.0,0.0,task_4,1.0,0.0,0.0,0.0,0.0,0.0,0.0,0.0,1.0,0,0,0,1.0,0.0,0.0,0.0,1,1,,,,,,1.0,1.0,0.9982953841253283,0.0,1.0,0.21702073567941918,5.0,0.21739130434782608,0.1546813378885227,0.0,0.0,1.0,0.0,0.0,0.1546813378885227,0.0,0.0,0.0,0.0,0.0
1.0,56.0,1.0,0,0,0,1,1,3.0,30.0,0.5,2021_03_07,10.0,1.0,0.0,0.0,0.0,0.0,1.0,0.9982953841253283,0.9982953841253283,0.9982953841253283,0.0,0.0,0.0,0.0,0.0,0.0,0.0,0.0,0.0,0.0,0.0,0.0,0.0,0.0,0.0,0.0,0.0,0.0,0.0,1,0.0,1,1,1,1,1,0.0,0.0,0.0,2.0,75,3.0,0.0,0.0,0,0.0,0.0,0.0,0.0,0.0,task_6,1.0,0.0,0.0,0.0,0.0,0.0,0.0,0.0,1.0,0,0,0,1.0,0.0,0.0,0.0,0,0,,,,,,1.0,1.0,0.9982953841253283,0.0,1.0,0.21702073567941918,5.0,0.21739130434782608,0.1546813378885227,0.0,0.0,1.0,0.0,0.0,0.1546813378885227,0.0,0.0,0.0,0.0,0.0
1.0,56.0,1.0,0,0,0,1,1,3.0,30.0,0.5,2021_03_07,10.0,1.0,0.0,0.0,0.0,0.0,1.0,0.9982953841253283,0.9982953841253283,0.9982953841253283,0.0,0.0,0.0,0.0,0.0,0.0,0.0,0.0,0.0,0.0,0.0,0.0,0.0,0.0,0.0,0.0,0.0,0.0,0.0,1,0.0,1,1,1,1,1,0.0,0.0,0.0,2.0,76,3.0,0.0,0.0,0,0.0,0.0,0.0,0.0,0.0,task_6,1.0,0.0,0.0,0.0,0.0,0.0,0.0,0.0,1.0,0,0,0,1.0,0.0,0.0,0.0,0,0,,,,,,1.0,1.0,0.9982953841253283,0.0,1.0,0.21702073567941918,5.0,0.21739130434782608,0.1546813378885227,0.0,0.0,1.0,0.0,0.0,0.1546813378885227,0.0,0.0,0.0,0.0,0.0
1.0,56.0,1.0,1,1,1,1,1,3.0,30.0,1.0,2021_03_07,10.0,1.0,0.0,0.0,0.0,0.0,1.0,0.9982953841253283,0.9982953841253283,0.9982953841253283,0.0,0.0,0.0,0.0,0.0,0.0,0.0,0.0,0.0,0.0,0.0,0.0,0.0,0.0,0.0,0.0,0.0,0.0,0.0,1,0.0,0,0,0,0,0,0.0,0.0,0.0,1.0,77,3.0,0.0,0.0,1,0.0,0.0,0.0,0.0,0.0,task_3,1.0,0.0,0.0,0.0,0.0,0.0,0.0,0.0,1.0,0,0,0,1.0,0.0,0.0,0.0,0,0,,,,,,1.0,1.0,0.9982953841253283,0.0,1.0,0.21702073567941918,5.0,0.21739130434782608,0.1546813378885227,0.0,0.0,1.0,0.0,0.0,0.1546813378885227,0.0,0.0,0.0,0.0,0.0
1.0,56.0,1.0,0,0,0,0,0,3.0,30.0,0.5,2021_03_07,10.0,1.0,0.0,0.0,0.0,0.0,1.0,0.9982953841253283,0.9982953841253283,0.9982953841253283,0.0,0.0,0.0,0.0,0.0,0.0,0.0,0.0,0.0,0.0,0.0,0.0,0.0,0.0,0.0,0.0,0.0,0.0,0.0,1,0.0,1,1,1,1,1,0.0,0.0,0.0,2.0,78,3.0,0.0,0.0,0,0.0,0.0,0.0,0.0,0.0,task_4,1.0,0.0,0.0,0.0,0.0,0.0,0.0,0.0,1.0,0,0,0,1.0,0.0,0.0,0.0,1,1,,,,,,1.0,1.0,0.9982953841253283,0.0,1.0,0.21702073567941918,5.0,0.21739130434782608,0.1546813378885227,0.0,0.0,1.0,0.0,0.0,0.1546813378885227,0.0,0.0,0.0,0.0,0.0
1.0,48.0,1.0,0,0,0,1,1,3.0,30.0,0.0,2021_03_09,10.0,0.0,0.0,0.0,0.0,0.0,1.0,0.9984038297885895,0.9984038297885895,0.9984038297885895,0.0,0.0,0.0,0.0,0.0,0.0,0.0,0.0,0.0,0.0,0.0,0.0,0.0,0.0,0.0,0.0,0.0,0.0,0.0,0,0.0,0,0,0,0,0,0.0,0.0,0.0,2.0,79,3.0,0.0,0.0,0,0.0,0.0,0.0,0.0,0.0,task_5,1.0,0.0,0.0,0.0,0.0,0.0,0.0,0.0,1.0,0,0,0,1.0,0.0,0.0,0.0,1,1,,,,,,1.0,1.0,0.9984038297885895,0.0,1.0,0.3328012765961965,6.0,0.3333333333333333,0.05047885106342309,0.0,0.0,1.0,0.0,0.0,0.05047885106342309,0.0,0.0,0.0,0.0,0.0
1.0,48.0,1.0,0,0,0,0,0,3.0,30.0,0.5,2021_03_09,10.0,1.0,0.0,0.0,0.0,0.0,1.0,0.9984038297885895,0.9984038297885895,0.9984038297885895,0.0,0.0,0.0,0.0,0.0,0.0,0.0,0.0,0.0,0.0,0.0,0.0,0.0,0.0,0.0,0.0,0.0,0.0,0.0,1,0.0,1,1,1,1,1,0.0,0.0,0.0,2.0,80,3.0,0.0,0.0,0,0.0,0.0,0.0,0.0,0.0,task_4,1.0,0.0,0.0,0.0,0.0,0.0,0.0,0.0,1.0,0,0,0,1.0,0.0,0.0,0.0,1,1,,,,,,1.0,1.0,0.9984038297885895,0.0,1.0,0.3328012765961965,6.0,0.3333333333333333,0.05047885106342309,0.0,0.0,1.0,0.0,0.0,0.05047885106342309,0.0,0.0,0.0,0.0,0.0
1.0,48.0,1.0,0,0,0,0,0,3.0,30.0,0.0,2021_03_09,10.0,0.0,0.0,0.0,0.0,0.0,1.0,0.9984038297885895,0.9984038297885895,0.9984038297885895,0.0,0.0,0.0,0.0,0.0,0.0,0.0,0.0,0.0,0.0,0.0,0.0,0.0,0.0,0.0,0.0,0.0,0.0,0.0,0,0.0,0,0,0,0,0,0.0,0.0,0.0,1.0,81,3.0,0.0,0.0,0,0.0,0.0,0.0,0.0,0.0,task_1,1.0,0.0,0.0,0.0,0.0,0.0,0.0,0.0,1.0,0,0,0,1.0,0.0,0.0,0.0,1,1,,,,,,1.0,1.0,0.9984038297885895,0.0,1.0,0.3328012765961965,6.0,0.3333333333333333,0.05047885106342309,0.0,0.0,1.0,0.0,0.0,0.05047885106342309,0.0,0.0,0.0,0.0,0.0
1.0,48.0,1.0,0,0,0,0,0,3.0,30.0,1.0,2021_03_09,10.0,1.0,0.0,0.0,0.0,0.0,1.0,0.9984038297885895,0.9984038297885895,0.9984038297885895,0.0,0.0,0.0,0.0,0.0,0.0,0.0,0.0,0.0,0.0,0.0,0.0,0.0,0.0,0.0,0.0,0.0,0.0,0.0,1,0.0,1,1,1,1,1,0.0,0.0,0.0,1.0,82,3.0,0.0,0.0,1,0.0,0.0,0.0,0.0,0.0,task_2,1.0,0.0,0.0,0.0,0.0,0.0,0.0,0.0,1.0,0,0,0,1.0,0.0,0.0,0.0,0,0,,,,,,1.0,1.0,0.9984038297885895,0.0,1.0,0.3328012765961965,6.0,0.3333333333333333,0.05047885106342309,0.0,0.0,1.0,0.0,0.0,0.05047885106342309,0.0,0.0,0.0,0.0,0.0
1.0,48.0,1.0,0,0,0,0,0,3.0,30.0,1.0,2021_03_09,10.0,1.0,0.0,0.0,0.0,0.0,1.0,0.9984038297885895,0.9984038297885895,0.9984038297885895,0.0,0.0,0.0,0.0,0.0,0.0,0.0,0.0,0.0,0.0,0.0,0.0,0.0,0.0,0.0,0.0,0.0,0.0,0.0,1,0.0,1,1,1,1,1,0.0,0.0,0.0,1.0,83,3.0,0.0,0.0,1,0.0,0.0,0.0,0.0,0.0,task_2,1.0,0.0,0.0,0.0,0.0,0.0,0.0,0.0,1.0,0,0,0,1.0,0.0,0.0,0.0,0,0,,,,,,1.0,1.0,0.9984038297885895,0.0,1.0,0.3328012765961965,6.0,0.3333333333333333,0.05047885106342309,0.0,0.0,1.0,0.0,0.0,0.05047885106342309,0.0,0.0,0.0,0.0,0.0
0.0,45.0,1.0,0,0,0,0,0,0.0,30.0,0.0,2021_03_10,10.0,0.0,1.0,0.0,0.0,0.0,3.0,0.8038399512128368,0.6809326673103567,0.5777168718209313,20.0,1.0,1.0,1.0,20.0,0.5,0.5,0.5,20.0,2.0,2.0,2.0,20.0,2.0,2.0,2.0,1.0,14.0,2654.4589472277803,0,-0.033062058944865136,0,0,0,0,0,4.7422647515141705,0.0,0.0,1.0,84,0.0,8.0,15.0,0,1.0,429.6666666666667,26.51122558091413,429.6666666666667,429.6666666666667,task_1,0.0,0.0,2.0,4.116323468940876,1.0,15.725835989186095,11.609512520245218,0.0,2.0,0,0,0,0.0,0.0,1.0,0.0,1,1,1.0,,,1.0,,,0.0,0.6612411788973022,2.5,2.0,2.5991861768345954,9.0,0.15,-79.67926755915114,0.0,0.0,1.0,0.0,429.6666666666667,-74.93700280763697,1.0,2.0,1.0,8.0,252.06696428571448
0.0,54.0,1.0,1,1,1,1,1,0.0,30.0,1.0,2021_03_10,10.0,1.0,1.0,0.0,0.0,0.0,3.0,0.7982069635829921,0.5923761713015235,0.33630186223133685,0.0,0.0,0.0,0.0,0.0,0.0,0.0,0.0,0.0,0.0,0.0,0.0,0.0,0.0,0.0,0.0,1.0,13.0,397.6676373240675,1,0.3009606274560226,0,0,0,0,0,0.270864564710422,0.0,0.0,1.0,85,0.0,4.0,15.0,1,1.0,104.75507515641543,0.0,104.75507515641543,104.75507515641543,task_3,0.0,0.0,3.0,3.944758140766754,4.0,50.63694375308272,46.69218561231597,0.0,3.0,0,0,0,0.0,0.0,1.0,0.0,0,0,1.0,,,1.0,1.0,,0.0,0.6426196880902417,2.5,2.0,2.857010937827912,5.0,0.5555555555555556,-21.427223372199897,0.0,0.0,1.0,0.0,104.75507515641543,-21.156358807489475,0.0,0.0,1.0,4.0,13.110169491525424
0.0,38.0,1.0,0,0,0,0,0,0.0,30.0,1.0,2021_03_10,10.0,1.0,1.0,0.0,0.0,0.0,3.0,0.9380605611809419,0.6663377761747115,0.3782587580869996,20.0,1.0,1.0,1.0,20.0,0.5,0.5,0.5,20.0,2.0,2.0,2.0,20.0,2.0,2.0,2.0,1.0,6.0,227.52406902815622,1,0.0,0,0,0,0,0,0.060000000000002274,0.0,0.0,1.0,86,0.0,7.0,14.0,1,1.0,123.66666666666667,0.3333333333333428,123.66666666666667,123.66666666666667,task_1,0.0,0.0,0.0,5.275643508746422,2.0,24.7965250344183,19.520881525671875,8.0,8.0,1,1,1,0.0,0.0,1.0,0.0,1,1,,,1.0,,,,0.0,0.3782587580869996,2.5,2.0,2.55673881371305,9.0,0.15,-24.561064932341747,0.0,0.0,1.0,0.0,123.66666666666667,-24.501064932341745,1.0,2.0,1.0,12.0,47.37280274743125
0.0,51.0,1.0,1,1,0,1,2,0.0,30.0,0.25,2021_03_12,10.0,1.0,1.0,0.0,0.0,0.0,3.0,0.8211685812929271,0.6718072877583626,0.5899440822256332,0.0,0.0,0.0,0.0,0.0,0.0,0.0,0.0,0.0,0.0,0.0,0.0,0.0,0.0,0.0,0.0,1.0,16.0,1947.8209173683454,1,-0.05551508365287905,0,0,0,0,0,0.6645848805752905,0.0,0.0,4.0,87,0.0,8.0,18.0,0,1.0,303.3333333333333,3.9697136436826668,303.3333333333333,303.3333333333333,task_5,0.0,0.0,2.0,7.232704556143036,5.0,14.857808979817147,7.625104423674111,0.0,2.0,0,0,0,0.0,0.0,1.0,0.0,1,2,1.0,,,1.0,,,0.0,0.8211685812929271,2.5,2.0,2.6642337162585856,12.0,0.2,-56.99781034463272,0.0,0.0,1.0,0.0,303.3333333333333,-56.33322546405743,1.0,2.0,1.0,6.0,143.40466324114658
0.0,51.0,1.0,0,0,0,1,1,0.0,30.0,0.0,2021_03_12,10.0,0.0,1.0,1.0,10.0,0.0,3.0,0.8449346768368473,0.6594853367201791,0.4411293046356338,0.0,0.0,0.0,0.0,0.0,0.0,0.0,0.0,0.0,0.0,0.0,0.0,0.0,0.0,0.0,0.0,1.0,15.0,849.9490002805893,0,0.0,0,0,0,0,0,33.96000300000001,0.0,0.0,2.0,88,0.0,7.0,18.0,0,1.0,381.3333333333333,188.6666833333333,381.3333333333333,381.3333333333333,task_5,0.0,0.0,2.0,1.1143918951479779,1.0,15.928232071153154,14.813840176005176,0.0,2.0,0,0,0,0.0,0.0,1.0,0.0,1,1,1.0,,,1.0,,,0.0,0.8449346768368473,2.5,2.0,2.6689869353673696,12.0,0.2,-71.04208824183064,0.0,0.0,1.0,0.0,381.3333333333333,-37.08208524183063,1.0,2.0,1.0,6.0,142.09778794813116
0.0,39.0,1.0,0,0,0,0,0,0.0,30.0,1.0,2021_03_12,10.0,1.0,1.0,0.0,0.0,0.0,3.0,0.7550739763887069,0.7107765378954649,0.6700199932654842,0.0,0.0,0.0,0.0,0.0,0.0,0.0,0.0,0.0,0.0,0.0,0.0,0.0,0.0,0.0,0.0,1.0,12.0,5504.327970684109,1,0.21847450136843127,1,1,1,1,1,0.1966270512315873,0.0,0.0,1.0,89,0.0,9.0,15.0,1,1.0,638.0142302716689,0.0,638.0142302716689,638.0142302716689,task_2,0.0,0.0,2.0,30.934371023373906,10.0,56.24233737855158,25.307966355177676,0.0,2.0,0,0,0,0.0,0.0,1.0,0.0,0,0,1.0,,,,1.0,,0.0,0.6700199932654842,2.5,2.0,2.7436436339147217,4.0,0.36363636363636365,-117.31184071942364,0.0,0.0,1.0,0.0,638.0142302716689,-117.11521366819206,1.0,2.0,1.0,5.0,59.376440235117066
0.0,32.0,1.0,1,1,1,1,1,0.0,30.0,0.5,2021_03_12,10.0,1.0,1.0,0.0,0.0,0.0,3.0,0.7657935275387083,0.5658525058366228,0.41444233783218243,0.0,0.0,0.0,0.0,0.0,0.0,0.0,0.0,0.0,0.0,0.0,0.0,0.0,0.0,0.0,0.0,1.0,9.0,3349.5365082661783,1,0.19558190608400317,0,0,0,0,0,0.17602371547559414,0.0,0.0,2.0,90,0.0,7.0,12.0,0,1.0,944.9147321764314,0.0,944.9147321764314,944.9147321764314,task_5,0.0,0.0,2.0,19.682474439954817,9.0,37.395359710050464,17.712885270095647,0.0,2.0,0,0,0,0.0,0.0,1.0,0.0,1,1,1.0,,,1.0,,,0.0,0.7657935275387083,2.5,2.0,2.7784703736504395,4.0,0.36363636363636365,-172.58527512804304,0.0,0.0,1.0,0.0,944.9147321764314,-172.40925141256744,0.0,0.0,1.0,4.0,12.357940747935892
1.0,56.0,1.0,0,0,0,0,0,3.0,30.0,0.0,2021_03_07,10.0,0.0,0.0,0.0,0.0,0.0,1.0,0.9982953841253283,0.9982953841253283,0.9982953841253283,0.0,0.0,0.0,0.0,0.0,0.0,0.0,0.0,0.0,0.0,0.0,0.0,0.0,0.0,0.0,0.0,0.0,0.0,0.0,0,0.0,0,0,0,1,1,0.0,0.0,0.0,1.0,91,3.0,0.0,0.0,0,0.0,0.0,0.0,0.0,0.0,task_2,1.0,0.0,0.0,0.0,0.0,0.0,0.0,0.0,1.0,0,0,0,1.0,0.0,0.0,0.0,0,0,,,,,,1.0,1.0,0.9982953841253283,0.0,1.0,0.21702073567941918,5.0,0.21739130434782608,0.1546813378885227,0.0,0.0,1.0,0.0,0.0,0.1546813378885227,0.0,0.0,0.0,0.0,0.0
1.0,48.0,1.0,0,0,0,0,0,2.0,30.0,0.0,2021_03_09,10.0,0.0,0.0,0.0,0.0,0.0,1.0,0.8314971796756814,0.8314971796756814,0.8314971796756814,0.0,0.0,0.0,0.0,0.0,0.0,0.0,0.0,0.0,0.0,0.0,0.0,0.0,0.0,0.0,0.0,0.0,0.0,0.0,0,0.0,0,0,0,0,0,0.0,0.0,0.0,1.0,92,2.0,0.0,0.0,0,0.0,0.0,0.0,0.0,0.0,task_1,1.0,0.0,0.0,0.0,0.0,0.0,0.0,0.0,1.0,0,0,0,1.0,0.0,0.0,0.0,1,1,,,,,,1.0,1.0,0.8314971796756814,0.0,1.0,0.2771657265585604,6.0,0.3333333333333333,0.10055084609729559,0.0,0.0,1.0,0.0,0.0,0.10055084609729559,0.0,0.0,1.0,0.0,0.0
0.0,51.0,1.0,0,0,0,0,0,0.0,30.0,0.0,2021_03_12,10.0,0.0,1.0,0.0,0.0,0.0,3.0,0.8211685812929271,0.6718072877583626,0.5899440822256332,0.0,0.0,0.0,0.0,0.0,0.0,0.0,0.0,0.0,0.0,0.0,0.0,0.0,0.0,0.0,0.0,1.0,16.0,1947.8209173683454,0,-0.05551508365287905,0,0,0,0,0,0.6645848805752905,0.0,0.0,2.0,93,0.0,8.0,18.0,0,1.0,303.3333333333333,3.9697136436826668,303.3333333333333,303.3333333333333,task_1,0.0,0.0,2.0,7.232704556143036,5.0,14.857808979817147,7.625104423674111,0.0,2.0,0,0,0,0.0,0.0,1.0,0.0,1,2,1.0,,,1.0,,,0.0,0.8211685812929271,2.5,2.0,2.6642337162585856,12.0,0.2,-56.99781034463272,0.0,0.0,1.0,0.0,303.3333333333333,-56.33322546405743,1.0,2.0,1.0,6.0,143.40466324114658
0.0,49.0,3.0,0,0,0,0,0,1.0,30.0,0.0,2021_03_23,10.0,0.0,1.0,0.0,0.0,0.0,3.0,0.7952891328949888,0.6299136373702889,0.3827112549899203,20.0,1.0,0.8200000000000001,0.8,20.0,0.75,0.6216666666666666,0.6,20.0,3.0,2.1,2.0,20.0,8.0,5.1,3.0,1.0,14.0,50.560781476120816,0,-0.1607335601749038,0,0,0,0,0,1.1348895105322825,0.0,0.0,1.0,94,1.0,7.0,14.0,0,3.0,10.997900408832393,7.10860952605387,10.997900408832393,10.997900408832393,task_1,0.0,0.0,2.0,2.1200907165161706,2.0,5.8627388869964925,3.742648170480322,0.0,2.0,0,0,0,0.0,0.0,1.0,0.0,1,1,1.0,,,1.0,,,0.0,0.7952891328949888,2.2096479405530154,2.0,2.3687057671320133,1.0,0.2,-4.111457264008642,0.0,0.0,1.0,0.0,10.997900408832393,-2.9765677534763597,0.0,0.0,0.0,0.0,0.0
0.0,46.0,1.0,0,0,0,0,0,1.0,30.0,1.0,2021_03_23,10.0,1.0,1.0,0.0,0.0,0.0,3.0,0.4800474588961638,0.3762740370456541,0.22812867058150865,0.0,0.0,0.0,0.0,0.0,0.0,0.0,0.0,0.0,0.0,0.0,0.0,0.0,0.0,0.0,0.0,1.0,7.0,145.30783537444447,1,0.0,0,0,0,0,0,3.120000000000001,0.0,0.0,1.0,95,1.0,3.0,7.0,1,1.0,114.66666666666667,17.333333333333343,114.66666666666667,114.66666666666667,task_1,0.0,0.0,2.0,2.0794415416798357,1.0,22.411923216715746,20.33248167503591,0.0,2.0,1,1,1,0.0,0.0,1.0,0.0,1,1,1.0,,,1.0,,,0.0,0.4206459816592899,2.5,2.0,2.573797540641981,10.0,0.17543859649122806,-22.956417786577784,0.0,0.0,1.0,0.0,114.66666666666667,-19.836417786577783,0.0,0.0,0.0,0.0,0.0
0.0,41.0,1.0,0,0,0,1,1,1.0,30.0,0.0,2021_03_24,10.0,0.0,1.0,1.0,20.0,0.0,3.0,0.9530366049795449,0.6516000779344411,0.4784785343241928,2.0,0.75,0.75,0.75,2.0,0.6666666666666666,0.6666666666666666,0.6666666666666666,2.0,2.0,2.0,2.0,2.0,6.0,6.0,6.0,1.0,15.0,372.6666666666667,0,-0.5561620464448382,0,0,0,1,1,51.36727452708486,0.0,0.0,3.0,96,1.0,7.0,15.0,0,1.0,372.6666666666667,288.15455760491784,372.6666666666667,372.6666666666667,task_7,0.0,0.0,2.0,0.0,0.0,15.870910336010127,15.870910336010127,0.0,2.0,0,0,0,0.0,0.0,1.0,0.0,1,1,1.0,,,1.0,,,0.0,0.9530366049795449,2.5,2.0,2.6938379535551618,12.0,0.2033898305084746,-69.50445415819965,0.0,0.0,1.0,0.0,372.6666666666667,-18.137179631114794,0.0,0.0,0.0,0.0,0.0
0.0,41.0,1.0,0,0,0,1,1,1.0,30.0,0.0,2021_03_24,10.0,0.0,1.0,0.0,0.0,0.0,3.0,0.9431432480389954,0.628438552093597,0.46510975284056005,0.0,0.0,0.0,0.0,0.0,0.0,0.0,0.0,0.0,0.0,0.0,0.0,0.0,0.0,0.0,0.0,1.0,15.0,357.44641697526475,0,0.43313879527991617,0,0,0,0,0,0.38982491575192313,0.0,0.0,1.0,97,1.0,6.0,15.0,0,1.0,316.92076984763685,0.0,316.92076984763685,316.92076984763685,task_3,0.0,0.0,2.0,5.47127695906312,3.0,24.307014115811903,18.835737156748785,0.0,2.0,0,0,0,0.0,0.0,1.0,0.0,0,0,1.0,,,1.0,,,0.0,0.46510975284056005,2.5,2.0,2.96510975284056,1.0,1.0,-59.71433735013113,0.0,0.0,1.0,0.0,316.92076984763685,-59.32451243437921,0.0,0.0,0.0,0.0,0.0
0.0,50.0,1.0,0,0,0,0,0,1.0,30.0,0.0,2021_03_24,10.0,0.0,1.0,1.0,10.0,0.0,3.0,0.9488016826275514,0.6463713694377905,0.4740516447269047,2.0,0.75,0.75,0.75,2.0,0.6666666666666666,0.6666666666666666,0.6666666666666666,2.0,2.0,2.0,2.0,2.0,6.0,6.0,6.0,1.0,15.0,110.0889380728899,0,-0.32328416754314215,0,0,0,1,1,8.277591439030896,0.0,0.0,1.0,98,1.0,6.0,15.0,0,1.0,66.0,47.603039943442916,66.0,66.0,task_2,0.0,0.0,2.0,1.9694173903811334,1.0,11.074231548477414,9.10481415809628,0.0,2.0,0,0,0,0.0,0.0,1.0,0.0,0,0,1.0,,,1.0,,,0.0,0.9488016826275514,2.5,2.0,2.692976613415773,12.0,0.2033898305084746,-14.303678952074195,0.0,0.0,1.0,0.0,66.0,-6.026087513043299,0.0,0.0,0.0,0.0,0.0
0.0,37.0,1.0,0,0,0,1,1,1.0,30.0,0.0,2021_03_24,10.0,0.0,1.0,1.0,25.0,0.0,3.0,0.8886345924330971,0.5842999549566925,0.417465988937185,0.0,0.0,0.0,0.0,0.0,0.0,0.0,0.0,0.0,0.0,0.0,0.0,0.0,0.0,0.0,0.0,1.0,15.0,454.1639671390291,0,-0.23672674979825015,0,0,0,0,0,15.923096218969558,0.0,0.0,1.0,99,1.0,7.0,15.0,0,1.0,218.93335,89.64527940993327,218.93335,218.93335,task_3,0.0,0.0,3.0,4.330733340286331,3.0,36.92907273947389,32.59833939918756,0.0,3.0,0,0,0,0.0,0.0,1.0,0.0,0,0,1.0,,,1.0,1.0,,0.0,0.8886345924330971,2.5,2.0,2.680739239138935,12.0,0.2033898305084746,-41.820668315225035,0.0,0.0,1.0,0.0,218.93335,-25.897572096255477,0.0,0.0,0.0,0.0,0.0
0.0,43.0,1.0,0,0,0,1,1,1.0,30.0,0.0,2021_03_24,10.0,0.0,1.0,0.0,0.0,0.0,3.0,0.9276879014708512,0.6378799285398378,0.4534758509989639,1.0,0.7777777777777778,0.7777777777777778,0.7777777777777778,1.0,0.6666666666666666,0.6666666666666666,0.6666666666666666,1.0,4.0,4.0,4.0,1.0,9.0,9.0,9.0,1.0,12.0,136.58800920254134,0,-0.34379374810477925,0,0,0,1,1,7.418658977045018,0.0,0.0,2.0,100,1.0,5.0,12.0,0,1.0,79.66666666666667,42.93374083521844,79.66666666666667,79.66666666666667,task_6,0.0,0.0,2.0,1.7916690875500136,1.0,11.538313593721442,9.746644506171428,0.0,2.0,0,0,0,0.0,0.0,1.0,0.0,0,0,1.0,,,1.0,,,0.0,0.9276879014708512,2.5,2.0,2.688682285044919,12.0,0.2033898305084746,-16.759814056540428,0.0,0.0,1.0,0.0,79.66666666666667,-9.34115507949541,0.0,0.0,0.0,0.0,0.0
0.0,22.0,1.0,0,0,0,0,0,1.0,22.0,0.0,2021_03_24,10.0,0.0,1.0,0.0,0.0,0.0,3.0,0.6921386845026108,0.5055618763703648,0.402113466272325,0.0,0.0,0.0,0.0,0.0,0.0,0.0,0.0,0.0,0.0,0.0,0.0,0.0,0.0,0.0,0.0,1.0,8.0,38.149799518845526,0,0.3554145672907709,0,0,0,1,1,0.3198731105616943,0.0,0.0,2.0,101,1.0,5.0,8.0,0,1.0,38.149799518845526,0.0,38.149799518845526,38.149799518845526,task_4,0.0,0.0,2.0,0.0,0.0,10.230988253942108,10.230988253942108,0.0,2.0,0,0,0,0.0,0.0,1.0,0.0,1,1,1.0,,,1.0,,,0.0,0.4224334783361584,2.5,2.0,2.9224334783361585,1.0,1.0,-9.497154043894739,0.0,0.0,1.0,0.0,38.149799518845526,-9.177280933333044,0.0,0.0,0.0,0.0,0.0
0.0,39.0,1.0,0,0,0,0,0,1.0,30.0,0.0,2021_03_24,10.0,0.0,1.0,0.0,0.0,0.0,3.0,0.8593012388311039,0.6016072853662285,0.44239928534783624,0.0,0.0,0.0,0.0,0.0,0.0,0.0,0.0,0.0,0.0,0.0,0.0,0.0,0.0,0.0,0.0,1.0,11.0,23.4021496150605,0,0.4739924763661487,0,0,0,1,1,0.4265932287295344,0.0,0.0,1.0,102,1.0,5.0,11.0,0,1.0,21.174033950595444,0.0,21.174033950595444,21.174033950595444,task_2,0.0,0.0,2.0,0.0,0.0,8.80980490612067,8.80980490612067,0.0,2.0,0,0,0,0.0,0.0,1.0,0.0,0,0,1.0,,,1.0,,,0.0,0.5031213319197456,2.1439227160476353,2.0,2.647044047967381,1.0,1.0,-6.193665754277823,0.0,0.0,1.0,0.0,21.174033950595444,-5.767072525548288,0.0,0.0,0.0,0.0,0.0
0.0,54.0,1.0,1,1,0,1,2,1.0,30.0,0.75,2021_03_25,10.0,3.0,1.0,0.0,0.0,0.0,3.0,0.9203678548123293,0.607373417165545,0.4350807502663873,0.0,0.0,0.0,0.0,0.0,0.0,0.0,0.0,0.0,0.0,0.0,0.0,0.0,0.0,0.0,0.0,1.0,14.0,58124.845698075405,1,0.0,0,0,0,0,0,7278.816,0.0,0.0,4.0,103,1.0,4.0,14.0,0,1.0,40550.2,40437.86666666666,40550.2,40550.2,task_5,0.0,0.0,1.0,11.060320652200636,3.0,34.88181297629137,23.821492324090734,0.0,1.0,1,2,1,0.0,0.0,1.0,0.0,1,2,1.0,,,,,,0.0,0.9203678548123293,2.5,2.0,2.6769938182331403,10.0,0.19230769230769232,-7301.445294436409,0.0,0.0,1.0,0.0,40550.2,-22.629294436409825,0.0,0.0,0.0,0.0,0.0
0.0,30.0,3.0,0,0,0,0,0,1.0,30.0,0.0,2021_03_25,10.0,0.0,1.0,0.0,0.0,0.0,3.0,0.6233895471280366,0.5261120371998023,0.41813955210291365,0.0,0.0,0.0,0.0,0.0,0.0,0.0,0.0,0.0,0.0,0.0,0.0,0.0,0.0,0.0,0.0,1.0,8.0,9.162790697674419,0,0.6440195532567179,0,0,0,1,1,0.6488504867836831,0.0,0.0,1.0,104,1.0,5.0,8.0,0,3.0,3.5511627906976746,0.38462716029242827,3.5511627906976746,3.5511627906976746,task_2,0.0,0.0,2.0,1.1960344016755782,3.0,3.5978834106451334,2.401849008969555,0.0,2.0,0,0,0,0.0,0.0,1.0,0.0,0,0,1.0,,,1.0,,,0.0,0.5368070123684566,1.1830232558139535,2.0,1.3172250089060678,1.0,0.25,-1.8247118103410425,0.0,0.0,1.0,0.0,3.5511627906976746,-1.1758613235573594,0.0,0.0,0.0,0.0,0.0
0.0,53.0,1.0,1,1,1,1,1,1.0,30.0,0.5,2021_03_25,10.0,1.0,1.0,0.0,0.0,0.0,3.0,0.9204342860535206,0.6269541725650221,0.4521994627144888,0.0,0.0,0.0,0.0,0.0,0.0,0.0,0.0,0.0,0.0,0.0,0.0,0.0,0.0,0.0,0.0,1.0,13.0,284.5215922653015,1,0.0,0,0,0,1,1,40.32,0.0,0.0,2.0,105,1.0,5.0,13.0,0,1.0,270.0,224.0,270.0,270.0,task_6,0.0,0.0,2.0,0.0,0.0,20.24558718208223,20.24558718208223,0.0,2.0,0,0,0,0.0,0.0,1.0,0.0,0,0,1.0,,,1.0,,,0.0,0.9204342860535206,2.5,2.0,2.677006593471831,10.0,0.19230769230769232,-51.00930593412465,0.0,0.0,1.0,0.0,270.0,-10.689305934124647,0.0,0.0,0.0,0.0,0.0
0.0,32.0,1.0,0,0,0,0,0,1.0,30.0,0.0,2021_03_25,10.0,0.0,1.0,0.0,0.0,0.0,3.0,0.8494108369173159,0.6172944336849028,0.47725501023171757,4.0,0.8333333333333334,0.7738095238095238,0.7142857142857143,4.0,1.0,0.75,0.5,4.0,2.0,2.0,2.0,4.0,2.0,2.0,2.0,1.0,11.0,380.3447069432992,0,0.22948237372007263,0,0,0,1,1,37.735260369725964,0.0,0.0,2.0,106,1.0,6.0,11.0,0,1.0,226.66665,208.4929235187661,226.66665,226.66665,task_4,0.0,0.0,2.0,1.19163282809036,1.0,22.66522396622902,21.473591138138662,0.0,2.0,0,0,0,0.0,0.0,1.0,0.0,1,1,1.0,,,1.0,,,0.0,0.8494108369173159,2.5,2.0,2.6633482378687146,10.0,0.19230769230769232,-43.19701041408184,0.0,0.0,1.0,0.0,226.66665,-5.4617500443558775,0.0,0.0,0.0,0.0,0.0
0.0,47.0,1.0,0,0,0,0,0,1.0,30.0,0.0,2021_03_25,10.0,0.0,1.0,0.0,0.0,0.0,3.0,0.8794948433295695,0.6390962284760104,0.4475651805164756,0.0,0.0,0.0,0.0,0.0,0.0,0.0,0.0,0.0,0.0,0.0,0.0,0.0,0.0,0.0,0.0,1.0,11.0,105.0,0,-0.4210950378647613,0,0,0,1,1,11.20418400499987,0.0,0.0,1.0,107,1.0,4.0,11.0,0,1.0,105.0,64.35094188376755,105.0,105.0,task_2,0.0,0.0,2.0,0.0,0.0,12.721097735280168,12.721097735280168,0.0,2.0,0,0,0,0.0,0.0,1.0,0.0,0,0,1.0,,,1.0,,,0.0,0.8794948433295695,2.5,2.0,2.669133623717225,10.0,0.19230769230769232,-21.3022202613455,0.0,0.0,1.0,0.0,105.0,-10.09803625634563,0.0,0.0,0.0,0.0,0.0
0.0,43.0,1.0,1,1,0,1,2,1.0,30.0,0.3333333333333333,2021_03_25,10.0,2.0,1.0,0.0,0.0,0.0,3.0,0.918855458826112,0.6876037126206842,0.5487954161987099,0.0,0.0,0.0,0.0,0.0,0.0,0.0,0.0,0.0,0.0,0.0,0.0,0.0,0.0,0.0,0.0,1.0,14.0,1423.2887150238362,1,0.45796140878755365,1,1,0,1,2,0.41216526790879726,0.0,0.0,6.0,108,1.0,5.0,14.0,0,1.0,331.61167289180025,0.0,331.61167289180025,331.61167289180025,task_7,0.0,0.0,2.0,21.264516890429157,4.0,37.40350151415991,16.138984623730757,0.0,2.0,0,0,0,0.0,0.0,1.0,0.0,1,2,1.0,,,1.0,,,0.0,0.5951602628372308,2.5,2.0,3.095160262837231,1.0,1.0,-62.47574535707755,0.0,0.0,1.0,0.0,331.61167289180025,-62.06358008916875,0.0,0.0,0.0,0.0,0.0
0.0,36.0,1.0,0,0,0,0,0,1.0,30.0,0.0,2021_03_25,10.0,0.0,1.0,0.0,0.0,0.0,3.0,0.732464284605373,0.5759795887626893,0.4247422207807011,0.0,0.0,0.0,0.0,0.0,0.0,0.0,0.0,0.0,0.0,0.0,0.0,0.0,0.0,0.0,0.0,1.0,11.0,103.33333333333333,0,0.0,0,0,0,1,1,1.3199999999999967,0.0,0.0,2.0,109,1.0,5.0,11.0,0,1.0,103.33333333333333,7.333333333333329,103.33333333333333,103.33333333333333,task_4,0.0,0.0,2.0,0.0,0.0,12.681477254680111,12.681477254680111,0.0,2.0,0,0,0,0.0,0.0,1.0,0.0,1,1,1.0,,,1.0,,,0.0,0.732464284605373,2.5,2.0,2.640858516270264,10.0,0.19230769230769232,-20.976772664643235,0.0,0.0,1.0,0.0,103.33333333333333,-19.65677266464324,0.0,0.0,0.0,0.0,0.0
0.0,38.0,1.0,0,0,0,1,1,1.0,30.0,0.0,2021_03_25,10.0,0.0,1.0,0.0,0.0,0.0,3.0,0.7160161068869932,0.5317934712934766,0.40189212384651973,2.0,1.0,1.0,1.0,2.0,0.5,0.5,0.5,2.0,2.0,2.0,2.0,2.0,2.0,2.0,2.0,1.0,12.0,15243322.712091552,0,0.0,0,0,0,1,1,8.550000000000004,0.0,0.0,3.0,110,1.0,7.0,12.0,0,1.0,297.0,47.5,297.0,297.0,task_7,0.0,0.0,2.0,6.154675801557911,2.0,14.805233716263512,8.650557914705601,0.0,2.0,0,0,0,0.0,0.0,1.0,0.0,1,1,1.0,,,1.0,,,0.0,0.7160161068869932,2.5,2.0,2.6376954051705757,10.0,0.19230769230769232,-55.833925864653516,0.0,0.0,1.0,0.0,297.0,-47.28392586465351,0.0,0.0,0.0,0.0,0.0
0.0,47.0,1.0,0,0,0,0,0,1.0,30.0,0.0,2021_03_25,10.0,0.0,1.0,0.0,0.0,0.0,3.0,0.7161551057465055,0.45058822077471755,0.23866447154862674,2.0,1.0,1.0,1.0,2.0,0.5,0.5,0.5,2.0,2.0,2.0,2.0,2.0,2.0,2.0,2.0,1.0,14.0,15255244.688023947,0,0.0,0,0,0,1,1,12.959460154241643,0.0,0.0,2.0,111,1.0,6.0,14.0,0,1.0,93.83033419023135,71.99700085689801,93.83033419023135,93.83033419023135,task_4,0.0,0.0,2.0,17.63086344597123,10.0,27.464351242026375,9.833487796055145,0.0,2.0,0,0,0,0.0,0.0,1.0,0.0,1,1,1.0,,,,1.0,,0.0,0.39694508502902043,2.5,2.0,2.5763355932748118,10.0,0.19230769230769232,-19.208162188188975,0.0,0.0,1.0,0.0,93.83033419023135,-6.248702033947331,0.0,0.0,0.0,0.0,0.0
1.0,56.0,1.0,0,0,0,0,0,3.0,30.0,0.0,2021_03_07,10.0,0.0,0.0,0.0,0.0,0.0,1.0,0.9982953841253283,0.9982953841253283,0.9982953841253283,0.0,0.0,0.0,0.0,0.0,0.0,0.0,0.0,0.0,0.0,0.0,0.0,0.0,0.0,0.0,0.0,0.0,0.0,0.0,0,0.0,0,0,0,1,1,0.0,0.0,0.0,1.0,112,3.0,0.0,0.0,0,0.0,0.0,0.0,0.0,0.0,task_2,1.0,0.0,0.0,0.0,0.0,0.0,0.0,0.0,1.0,0,0,0,1.0,0.0,0.0,0.0,0,0,,,,,,1.0,1.0,0.9982953841253283,0.0,1.0,0.21702073567941918,5.0,0.21739130434782608,0.1546813378885227,0.0,0.0,1.0,0.0,0.0,0.1546813378885227,0.0,0.0,0.0,0.0,0.0
1.0,48.0,1.0,0,0,0,0,0,3.0,30.0,0.0,2021_03_09,10.0,0.0,0.0,0.0,0.0,0.0,1.0,0.9984038297885895,0.9984038297885895,0.9984038297885895,0.0,0.0,0.0,0.0,0.0,0.0,0.0,0.0,0.0,0.0,0.0,0.0,0.0,0.0,0.0,0.0,0.0,0.0,0.0,0,0.0,0,0,0,0,0,0.0,0.0,0.0,1.0,113,3.0,0.0,0.0,0,0.0,0.0,0.0,0.0,0.0,task_1,1.0,0.0,0.0,0.0,0.0,0.0,0.0,0.0,1.0,0,0,0,1.0,0.0,0.0,0.0,1,1,,,,,,1.0,1.0,0.9984038297885895,0.0,1.0,0.3328012765961965,6.0,0.3333333333333333,0.05047885106342309,0.0,0.0,1.0,0.0,0.0,0.05047885106342309,0.0,0.0,0.0,0.0,0.0
0.0,58.0,1.0,0,0,0,0,0,0.0,30.0,0.0,2021_03_10,10.0,0.0,1.0,0.0,0.0,0.0,3.0,0.9117361554184646,0.6448724026102276,0.5079791799194434,1.0,0.8333333333333334,0.8333333333333334,0.8333333333333334,1.0,0.6,0.6,0.6,1.0,3.0,3.0,3.0,1.0,5.0,5.0,5.0,1.0,14.0,1948.6981904761903,0,0.0,0,0,0,0,0,282.78,0.0,0.0,1.0,114,0.0,4.0,14.0,0,1.0,1829.0,1571.0,1829.0,1829.0,task_1,0.0,0.0,2.0,4.868170436915186,2.0,19.342678114588665,14.47450767767348,0.0,2.0,0,0,0,0.0,0.0,1.0,0.0,1,1,1.0,,,1.0,,,0.0,0.9117361554184646,2.5,2.0,2.6367604233127695,9.0,0.15,-331.59308438098145,0.0,0.0,1.0,0.0,1829.0,-48.81308438098149,0.0,0.0,1.0,0.0,0.0
0.0,39.0,1.0,0,0,0,1,1,1.0,30.0,0.5,2021_03_23,10.0,1.0,1.0,0.0,0.0,0.0,3.0,0.8449406245796568,0.5586736858512417,0.39812450891409573,0.0,0.0,0.0,0.0,0.0,0.0,0.0,0.0,0.0,0.0,0.0,0.0,0.0,0.0,0.0,0.0,1.0,12.0,1451.1938644369104,1,0.0,1,1,1,1,1,20.569103164491594,0.0,0.0,2.0,115,1.0,6.0,12.0,0,1.0,618.8015564202335,114.2727953582866,618.8015564202335,618.8015564202335,task_6,0.0,0.0,2.0,0.0,0.0,28.656375080836277,28.656375080836277,0.0,2.0,0,0,0,0.0,0.0,1.0,0.0,0,0,1.0,,,1.0,,,0.0,0.8449406245796568,2.5,2.0,2.6482351972946767,10.0,0.17543859649122806,-113.76769183320724,0.0,0.0,1.0,0.0,618.8015564202335,-93.19858866871564,0.0,0.0,0.0,0.0,0.0
0.0,35.0,1.0,0,0,0,0,0,1.0,30.0,0.5,2021_03_23,10.0,1.0,1.0,0.0,0.0,0.0,3.0,0.8843020217336376,0.5651409650387855,0.36170365134826166,0.0,0.0,0.0,0.0,0.0,0.0,0.0,0.0,0.0,0.0,0.0,0.0,0.0,0.0,0.0,0.0,1.0,12.0,1863.9597307806491,1,-0.05228262767936798,1,1,1,1,1,42.011699612116054,0.0,0.0,2.0,116,1.0,6.0,12.0,0,1.0,422.6666666666667,233.65974431681937,422.6666666666667,422.6666666666667,task_4,0.0,0.0,3.0,18.976118433372903,4.0,42.48275662899383,23.50663819562093,0.0,3.0,0,0,0,0.0,0.0,1.0,0.0,1,1,1.0,,,1.0,1.0,,0.0,0.8843020217336376,2.5,2.0,2.655140705567305,10.0,0.17543859649122806,-78.46962663501057,0.0,0.0,1.0,0.0,422.6666666666667,-36.457927022894516,0.0,0.0,0.0,0.0,0.0
0.0,44.0,1.0,1,1,1,1,1,1.0,30.0,1.0,2021_03_23,10.0,1.0,1.0,0.0,0.0,0.0,3.0,0.8947821182147736,0.5627587321299967,0.3567619182409509,0.0,0.0,0.0,0.0,0.0,0.0,0.0,0.0,0.0,0.0,0.0,0.0,0.0,0.0,0.0,0.0,1.0,12.0,4396.1819259363265,1,0.0,0,0,0,0,0,137.01116731517507,0.0,0.0,1.0,117,1.0,5.0,12.0,1,1.0,979.6731517509728,761.1731517509728,979.6731517509728,979.6731517509728,task_3,0.0,0.0,2.0,24.133485596193307,2.0,37.04737468444562,12.913889088252315,0.0,2.0,0,0,0,0.0,0.0,1.0,0.0,0,0,1.0,,,1.0,,,0.0,0.8947821182147736,2.5,2.0,2.656979318985048,10.0,0.17543859649122806,-178.73244870226162,0.0,0.0,1.0,0.0,979.6731517509728,-41.72128138708654,0.0,0.0,0.0,0.0,0.0
0.0,28.0,1.0,0,0,0,0,0,1.0,28.0,1.0,2021_03_24,10.0,2.0,1.0,0.0,0.0,0.0,3.0,0.8296611791338799,0.5869438132675611,0.42871811661778386,0.0,0.0,0.0,0.0,0.0,0.0,0.0,0.0,0.0,0.0,0.0,0.0,0.0,0.0,0.0,0.0,1.0,8.0,1032.0059747091823,1,0.0,1,1,1,1,1,14.471997000000002,0.0,0.0,2.0,118,1.0,6.0,8.0,1,1.0,268.3333333333333,80.39998333333332,268.3333333333333,268.3333333333333,task_4,0.0,0.0,2.0,0.0,0.0,15.052374424632465,15.052374424632465,0.0,2.0,1,1,1,0.0,0.0,1.0,0.0,1,1,1.0,,,1.0,,,0.0,0.8296611791338799,2.5,2.0,2.668744646603501,12.0,0.2033898305084746,-50.70187018194315,0.0,0.0,1.0,0.0,268.3333333333333,-36.22987318194315,0.0,0.0,0.0,0.0,0.0
0.0,43.0,1.0,0,0,0,0,0,1.0,30.0,0.0,2021_03_24,10.0,0.0,1.0,0.0,0.0,0.0,3.0,0.9366400351887062,0.6318662909803284,0.4783340829099886,0.0,0.0,0.0,0.0,0.0,0.0,0.0,0.0,0.0,0.0,0.0,0.0,0.0,0.0,0.0,0.0,1.0,14.0,192.7872732522697,0,0.0,0,0,0,1,1,4.259999999999998,0.0,0.0,2.0,119,1.0,6.0,14.0,0,1.0,135.66666666666666,23.666666666666657,135.66666666666666,135.66666666666666,task_4,0.0,0.0,2.0,6.108190849617518,1.0,12.85636217757561,6.748171327958092,0.0,2.0,0,0,0,0.0,0.0,1.0,0.0,1,1,1.0,,,1.0,,,0.0,0.9366400351887062,2.5,2.0,2.6905030580044826,12.0,0.2033898305084746,-26.841452752204034,0.0,0.0,1.0,0.0,135.66666666666666,-22.581452752204036,0.0,0.0,0.0,0.0,0.0
0.0,54.0,1.0,0,0,0,0,0,1.0,30.0,0.75,2021_03_25,10.0,3.0,1.0,0.0,0.0,0.0,3.0,0.9203678548123293,0.607373417165545,0.4350807502663873,0.0,0.0,0.0,0.0,0.0,0.0,0.0,0.0,0.0,0.0,0.0,0.0,0.0,0.0,0.0,0.0,1.0,14.0,58124.845698075405,1,0.0,1,1,0,1,2,7278.816,0.0,0.0,4.0,120,1.0,4.0,14.0,0,1.0,40550.2,40437.86666666666,40550.2,40550.2,task_4,0.0,0.0,1.0,11.060320652200636,3.0,34.88181297629137,23.821492324090734,0.0,1.0,1,2,1,0.0,0.0,1.0,0.0,1,2,1.0,,,,,,0.0,0.9203678548123293,2.5,2.0,2.6769938182331403,10.0,0.19230769230769232,-7301.445294436409,0.0,0.0,1.0,0.0,40550.2,-22.629294436409825,0.0,0.0,0.0,0.0,0.0
0.0,45.0,1.0,0,0,0,0,0,1.0,30.0,0.0,2021_03_25,10.0,0.0,1.0,0.0,0.0,0.0,3.0,0.8251286584368861,0.6655759539084468,0.5439051608784135,2.0,1.0,1.0,1.0,2.0,0.5,0.5,0.5,2.0,2.0,2.0,2.0,2.0,2.0,2.0,2.0,1.0,14.0,1519.1494036012314,0,-0.38522657271747374,0,0,0,0,0,24.75049360514668,0.0,0.0,1.0,121,1.0,7.0,14.0,0,1.0,305.0621848739496,139.42887511440227,305.0621848739496,305.0621848739496,task_1,0.0,0.0,2.0,11.91957884544535,7.0,24.6164145802477,12.696835734802349,0.0,2.0,0,0,0,0.0,0.0,1.0,0.0,1,1,1.0,,,,1.0,,0.0,0.8251286584368861,2.5,2.0,2.6586785881609396,10.0,0.19230769230769232,-57.304004006655774,0.0,0.0,1.0,0.0,305.0621848739496,-32.553510401509094,0.0,0.0,0.0,0.0,0.0
0.0,46.0,1.0,1,1,1,1,1,1.0,30.0,1.0,2021_03_25,10.0,2.0,1.0,0.0,0.0,0.0,3.0,0.8910828266144435,0.632503528616458,0.4609843287886859,0.0,0.0,0.0,0.0,0.0,0.0,0.0,0.0,0.0,0.0,0.0,0.0,0.0,0.0,0.0,0.0,1.0,14.0,3830.8800334089046,1,-0.041399915861231484,1,1,1,1,1,104.1448697350435,0.0,0.0,2.0,122,1.0,6.0,14.0,1,1.0,809.8,578.7896092184368,809.8,809.8,task_6,0.0,0.0,2.0,13.551954209401776,4.0,41.46880182365607,27.916847614254294,0.0,2.0,0,0,0,0.0,0.0,1.0,0.0,0,0,1.0,,,1.0,,,0.0,0.8910828266144435,2.5,2.0,2.671362082041239,10.0,0.19230769230769232,-148.1682258738371,0.0,0.0,1.0,0.0,809.8,-44.02335613879359,0.0,0.0,0.0,0.0,0.0
0.0,46.0,1.0,0,0,0,1,1,1.0,30.0,0.0,2021_03_23,10.0,0.0,1.0,0.0,0.0,0.0,3.0,0.8079925683800242,0.6404925415523811,0.42107618685446013,0.0,0.0,0.0,0.0,0.0,0.0,0.0,0.0,0.0,0.0,0.0,0.0,0.0,0.0,0.0,0.0,1.0,13.0,1796.2670816227924,0,-0.05258977329935499,0,0,0,1,1,5.247413344912669,0.0,0.0,2.0,123,1.0,5.0,13.0,0,1.0,150.75,29.41524522712271,150.75,150.75,task_6,0.0,0.0,2.0,3.091042453358316,1.0,13.11808607484902,10.027043621490703,0.0,2.0,0,0,0,0.0,0.0,1.0,0.0,0,0,1.0,,,1.0,,,0.0,0.8079925683800242,2.5,2.0,2.641753082171934,10.0,0.17543859649122806,-29.51257777395474,0.0,0.0,1.0,0.0,150.75,-24.26516442904207,0.0,0.0,0.0,0.0,0.0
0.0,23.0,1.0,1,1,1,1,1,1.0,23.0,1.0,2021_03_23,10.0,2.0,1.0,1.0,10.0,0.0,3.0,0.5127191406625853,0.35773225099620604,0.24704292117851454,0.0,0.0,0.0,0.0,0.0,0.0,0.0,0.0,0.0,0.0,0.0,0.0,0.0,0.0,0.0,0.0,1.0,5.0,756.9027469180717,1,0.0513328715451955,1,1,1,1,1,0.046199584390674175,0.0,0.0,2.0,124,1.0,5.0,6.0,1,1.0,113.1638973008562,0.0,113.1638973008562,113.1638973008562,task_6,0.0,0.0,2.0,19.569333539402294,8.0,31.903483979268564,12.33415043986627,0.0,2.0,0,0,0,0.0,0.0,1.0,0.0,0,0,1.0,,,1.0,,,0.0,0.24704292117851454,2.5,2.0,2.614019809774699,6.0,0.46153846153846156,-22.722119342951345,0.0,0.0,1.0,0.0,113.1638973008562,-22.67591975856067,0.0,0.0,0.0,0.0,0.0
0.0,33.0,1.0,0,0,0,0,0,1.0,30.0,0.0,2021_03_24,10.0,0.0,1.0,1.0,15.0,0.0,3.0,0.9410370441800566,0.6506719948377473,0.4969647145073348,0.0,0.0,0.0,0.0,0.0,0.0,0.0,0.0,0.0,0.0,0.0,0.0,0.0,0.0,0.0,0.0,1.0,13.0,1584.6689896720536,0,-0.322616860907873,0,0,0,0,0,17.933281188819304,0.0,0.0,1.0,125,1.0,7.0,13.0,0,1.0,238.33333333333334,101.24242424242439,238.33333333333334,238.33333333333334,task_1,0.0,0.0,2.0,0.9987898753887873,1.0,14.757143200950289,13.758353325561501,0.0,2.0,0,0,0,0.0,0.0,1.0,0.0,1,1,1.0,,,1.0,,,0.0,0.9410370441800566,2.5,2.0,2.6913973649179774,12.0,0.2033898305084746,-45.32225762842618,0.0,0.0,1.0,0.0,238.33333333333334,-27.388976439606875,0.0,0.0,0.0,0.0,0.0
0.0,31.0,1.0,0,0,0,0,0,1.0,30.0,0.0,2021_03_25,10.0,0.0,1.0,0.0,0.0,0.0,3.0,0.7481542750683293,0.5836081343802252,0.47079728650819086,8.0,0.8333333333333334,0.7619047619047619,0.7142857142857143,8.0,1.0,0.625,0.5,8.0,2.0,2.0,2.0,8.0,2.0,2.0,2.0,1.0,9.0,13319.256020440283,0,0.33782907611715185,0,0,0,0,0,0.30404616850540833,0.0,0.0,1.0,126,1.0,6.0,9.0,0,1.0,1500.894578313253,0.0,1500.894578313253,1500.894578313253,task_1,0.0,0.0,2.0,49.560694910533684,10.0,81.37124937086412,31.810554460330437,0.0,2.0,0,0,0,0.0,0.0,1.0,0.0,1,1,1.0,,,1.0,,,0.0,0.47079728650819086,2.5,2.0,2.9707972865081906,1.0,1.0,-272.83474165424286,0.0,0.0,1.0,0.0,1500.894578313253,-272.53069548573745,0.0,0.0,0.0,0.0,0.0
0.0,49.0,1.0,0,0,0,0,0,1.0,30.0,0.0,2021_03_25,10.0,0.0,1.0,0.0,0.0,0.0,3.0,0.8957474847124283,0.6158439665877637,0.4630290500143944,0.0,0.0,0.0,0.0,0.0,0.0,0.0,0.0,0.0,0.0,0.0,0.0,0.0,0.0,0.0,0.0,1.0,15.0,1260.088586617132,0,-0.2907699183389276,0,0,0,1,1,27.956665910453516,0.0,0.0,2.0,127,1.0,6.0,15.0,0,1.0,236.66666666666666,156.76866020532532,236.66666666666666,236.66666666666666,task_4,0.0,0.0,2.0,1.2270404122355578,2.0,14.239672829365464,13.012632417129906,0.0,2.0,0,0,0,0.0,0.0,1.0,0.0,1,1,1.0,,,1.0,,,0.0,0.8957474847124283,2.5,2.0,2.672259131675467,10.0,0.19230769230769232,-45.00503321850791,0.0,0.0,1.0,0.0,236.66666666666666,-17.048367308054395,0.0,0.0,0.0,0.0,0.0
0.0,38.0,1.0,0,0,0,1,1,1.0,30.0,0.0,2021_03_25,10.0,0.0,1.0,0.0,0.0,0.0,3.0,0.9428454472533423,0.642440967935274,0.4820902549007024,0.0,0.0,0.0,0.0,0.0,0.0,0.0,0.0,0.0,0.0,0.0,0.0,0.0,0.0,0.0,0.0,1.0,14.0,502.4780708905338,0,-0.041186762405450494,0,0,0,1,1,37.08417810172004,0.0,0.0,2.0,128,1.0,6.0,14.0,0,1.0,474.0,206.22914548824974,474.0,474.0,task_6,0.0,0.0,2.0,4.9165846717242445,4.0,15.970787010086603,11.054202338362359,0.0,2.0,0,0,0,0.0,0.0,1.0,0.0,0,0,1.0,,,1.0,,,0.0,0.9428454472533423,2.5,2.0,2.6813164321641043,10.0,0.19230769230769232,-87.73318478894768,0.0,0.0,1.0,0.0,474.0,-50.64900668722764,0.0,0.0,0.0,0.0,0.0
0.0,43.0,1.0,0,0,0,1,1,1.0,30.0,0.0,2021_03_25,10.0,0.0,1.0,0.0,0.0,0.0,3.0,0.9381717967803993,0.6267351431164627,0.46470505906689075,0.0,0.0,0.0,0.0,0.0,0.0,0.0,0.0,0.0,0.0,0.0,0.0,0.0,0.0,0.0,0.0,1.0,12.0,129.98904472897115,0,-0.29691092027509836,0,0,0,0,0,12.817771244940966,0.0,0.0,1.0,129,1.0,6.0,12.0,0,1.0,112.0,72.69439485104752,112.0,112.0,task_3,0.0,0.0,2.0,1.0605403407187017,1.0,12.380969546780852,11.320429206062151,0.0,2.0,0,0,0,0.0,0.0,1.0,0.0,0,0,1.0,,,1.0,,,0.0,0.9381717967803993,2.5,2.0,2.680417653227,10.0,0.19230769230769232,-22.5723758879043,0.0,0.0,1.0,0.0,112.0,-9.754604642963335,0.0,0.0,0.0,0.0,0.0
0.0,43.0,1.0,1,1,0,1,2,1.0,30.0,0.3333333333333333,2021_03_25,10.0,2.0,1.0,0.0,0.0,0.0,3.0,0.918855458826112,0.6876037126206842,0.5487954161987099,0.0,0.0,0.0,0.0,0.0,0.0,0.0,0.0,0.0,0.0,0.0,0.0,0.0,0.0,0.0,0.0,1.0,14.0,1423.2887150238362,1,0.45796140878755365,1,1,0,1,2,0.41216526790879726,0.0,0.0,6.0,130,1.0,5.0,14.0,0,1.0,331.61167289180025,0.0,331.61167289180025,331.61167289180025,task_7,0.0,0.0,2.0,21.264516890429157,4.0,37.40350151415991,16.138984623730757,0.0,2.0,0,0,0,0.0,0.0,1.0,0.0,1,2,1.0,,,1.0,,,0.0,0.5951602628372308,2.5,2.0,3.095160262837231,1.0,1.0,-62.47574535707755,0.0,0.0,1.0,0.0,331.61167289180025,-62.06358008916875,0.0,0.0,0.0,0.0,0.0
0.0,38.0,1.0,0,0,0,1,1,1.0,30.0,0.0,2021_03_25,10.0,0.0,1.0,0.0,0.0,0.0,3.0,0.8202676357694848,0.6961118730436786,0.6310560529437166,0.0,0.0,0.0,0.0,0.0,0.0,0.0,0.0,0.0,0.0,0.0,0.0,0.0,0.0,0.0,0.0,1.0,10.0,745.7802218699687,0,0.0,0,0,0,1,1,5.400000000000002,0.0,0.0,3.0,131,1.0,5.0,10.0,0,1.0,178.0,30.0,178.0,178.0,task_7,0.0,0.0,2.0,0.0,0.0,14.030964514601887,14.030964514601887,0.0,2.0,0,0,0,0.0,0.0,1.0,0.0,1,1,1.0,,,1.0,,,0.0,0.8202676357694848,2.5,2.0,2.657743776109516,10.0,0.19230769230769232,-34.431969398498566,0.0,0.0,1.0,0.0,178.0,-29.031969398498564,0.0,0.0,0.0,0.0,0.0
0.0,49.0,1.0,0,0,0,0,0,1.0,30.0,1.0,2021_03_25,10.0,1.0,1.0,0.0,0.0,0.0,3.0,0.859117735919551,0.46679270942048734,0.20684090506756203,2.0,1.0,1.0,1.0,2.0,0.5,0.5,0.5,2.0,2.0,2.0,2.0,2.0,2.0,2.0,2.0,1.0,14.0,7630303.797461066,1,0.007938528912325715,0,0,0,0,0,0.007144676021084706,0.0,0.0,1.0,132,1.0,6.0,14.0,1,1.0,641.6688227684347,0.0,641.6688227684347,641.6688227684347,task_1,0.0,0.0,2.0,38.84102974067297,9.0,65.94700843543791,27.105978694764936,0.0,2.0,1,1,1,0.0,0.0,1.0,0.0,1,1,1.0,,,,1.0,,0.0,0.859117735919551,0.37427891332470886,2.0,0.5890583473045966,1.0,0.25,-116.03054061089237,0.0,0.0,1.0,0.0,641.6688227684347,-116.02339593487129,0.0,0.0,0.0,0.0,0.0
0.0,48.0,1.0,0,0,0,0,0,0.0,30.0,0.0,2021_03_04,10.0,0.0,1.0,0.0,0.0,0.0,3.0,0.7804004123245735,0.49128865090609775,0.2787137443025884,7.0,1.0,0.8396825396825397,0.75,7.0,0.8333333333333334,0.6416666666666667,0.5,7.0,4.0,2.7142857142857144,2.0,7.0,8.0,6.571428571428571,5.0,1.0,15.0,133.3065555207281,0,0.9124957444876582,0,0,0,1,1,3.398518897311609,0.0,0.0,1.0,133,0.0,6.0,15.0,0,1.0,43.818181818181785,14.31818181818176,43.818181818181785,43.818181818181785,task_2,0.0,0.0,3.0,3.8026139012443188,3.0,18.072302129666195,14.269688228421876,0.0,3.0,0,0,0,0.0,0.0,1.0,0.0,0,0,1.0,,,1.0,1.0,,0.0,0.2787137443025884,2.5,2.0,2.778713744302588,1.0,1.0,-10.38811509714505,0.0,0.0,1.0,0.0,43.818181818181785,-6.989596199833441,0.0,0.0,1.0,0.0,0.0
0.0,42.0,1.0,0,0,0,0,0,0.0,30.0,0.0,2021_03_04,10.0,0.0,1.0,0.0,0.0,0.0,3.0,0.8575273964951873,0.6422651576022792,0.43197542336720046,12.0,1.0,0.8666666666666667,0.8,12.0,0.8333333333333334,0.65,0.6,12.0,4.0,3.0,2.0,12.0,6.0,4.833333333333333,3.0,1.0,14.0,278.39364168534524,0,0.6324882586449196,0,0,0,1,1,24.283421250962252,0.0,0.0,1.0,134,0.0,7.0,18.0,0,1.0,174.2,131.74545454545458,174.2,174.2,task_2,0.0,0.0,3.0,7.441690666103277,3.0,22.43473066938359,14.993040003280313,0.0,3.0,0,0,0,0.0,0.0,1.0,0.0,0,0,1.0,,,1.0,1.0,,0.0,0.0,2.5,2.0,3.5,0.0,0.0,-34.506,0.0,0.0,0.0,1.0,174.2,-10.222578749037748,0.0,0.0,1.0,12.0,102.12829829706773
0.0,32.0,1.0,0,0,0,0,0,0.0,30.0,0.0,2021_03_04,10.0,0.0,1.0,0.0,0.0,0.0,3.0,0.8806218844677428,0.6124157426816733,0.4469977913948892,0.0,0.0,0.0,0.0,0.0,0.0,0.0,0.0,0.0,0.0,0.0,0.0,0.0,0.0,0.0,0.0,1.0,14.0,899.7778197135015,0,0.0,0,0,0,1,1,23.15249678320262,0.0,0.0,2.0,135,0.0,6.0,15.0,0,1.0,243.0,128.62498212890347,243.0,243.0,task_4,0.0,0.0,2.0,4.874124113668228,1.0,14.305420563233007,9.43129644956478,0.0,2.0,0,0,0,0.0,0.0,1.0,0.0,1,1,1.0,,,1.0,,,0.0,0.8806218844677428,2.5,2.0,2.6921356838838713,12.0,0.21818181818181817,-46.162922115495476,0.0,0.0,1.0,0.0,243.0,-23.010425332292858,0.0,0.0,1.0,2.0,5.223880597014925
