suite,system,dataset_id,available_modalities,cases,hits@1,AC@1,hits@3,AC@3,Avg@5,avg_rank,total_calls,avg_calls_per_case,total_tokens,avg_tokens_per_case,elapsed_sec,avg_elapsed_sec_per_case,shortcut_cases,egcda_cases,failed_cases,timeout_cases,error_cases,notes
RE1,Online Boutique,RE1-OB,metrics only,125,90,0.720000,117,0.936000,0.891200,1.358333,0,0.000000,0,0.000000,33.423000,0.267384,125,0,0,0,0,RE1 is metrics-only; not multi-source causal evidence
RE1,Sock Shop,RE1-SS,metrics only,125,81,0.648000,113,0.904000,0.870400,1.466667,0,0.000000,0,0.000000,51.709000,0.413672,120,0,0,5,5,RE1 is metrics-only; not multi-source causal evidence; timeout_or_budget_guarded_cases=5; EG-CDA fallback not completed for those metrics-only cases
RE1,Train Ticket,RE1-TT,metrics only,125,37,0.296000,62,0.496000,0.449600,1.609375,0,0.000000,0,0.000000,150.604000,1.204832,103,0,0,22,22,RE1 is metrics-only; not multi-source causal evidence; timeout_or_budget_guarded_cases=22; EG-CDA fallback not completed for those metrics-only cases
RE2,Online Boutique,RE2-OB,metrics/logs/traces,91,81,0.890110,87,0.956044,0.938462,1.093023,12,0.131868,303643,3336.736264,2142.257000,23.541286,89,2,0,0,0,"rank_missing=2; top-k/Avg@5 are lower bounds where only top-1 is available; missing_cases=RE2-OB/productcatalogservice_cpu/1, RE2-OB/productcatalogservice_loss/2; top-k_missing_values_counted_as_false_lower_bound"
RE2,Sock Shop,RE2-SS,metrics/logs/traces,90,70,0.777778,74,0.822222,0.824444,1.186667,29,0.322222,742128,8245.866667,1701.708000,18.907867,85,4,1,0,1,"rank_missing=5; top-k/Avg@5 are lower bounds where only top-1 is available; missing_cases=RE2-SS/carts_loss/2, RE2-SS/catalogue_socket/1, RE2-SS/orders_cpu/2, RE2-SS/orders_socket/2, RE2-SS/user_socket/2; top-k_missing_values_counted_as_false_lower_bound"
RE2,Train Ticket,RE2-TT,metrics/logs/traces,90,53,0.588889,64,0.711111,0.691111,1.287879,0,0.000000,0,0.000000,4856.579392,53.961993,78,12,0,0,0,
RE3,Online Boutique,RE3-OB,metrics/logs/traces,30,29,0.966667,30,1.000000,0.993333,1.035714,13,0.433333,301132,10037.733333,1005.434000,33.514467,28,2,0,0,0,"rank_missing=2; top-k/Avg@5 are lower bounds where only top-1 is available; missing_cases=RE3-OB/cartservice_f1/1, RE3-OB/currencyservice_f1/3"
RE3,Sock Shop,RE3-SS,metrics/logs/traces,30,26,0.866667,28,0.933333,0.926667,1.250000,36,1.200000,1083432,36114.400000,2609.405000,86.980167,24,6,0,0,0,"rank_missing=6; top-k/Avg@5 are lower bounds where only top-1 is available; missing_cases=RE3-SS/carts_f1/1, RE3-SS/carts_f4/1, RE3-SS/carts_f4/2, RE3-SS/front-end_f2/1, RE3-SS/orders_f1/2, +1 more; top-k_missing_values_counted_as_false_lower_bound"
RE3,Train Ticket,RE3-TT,metrics/logs/traces,30,28,0.933333,30,1.000000,0.980000,1.103448,6,0.200000,203294,6776.466667,805.880000,26.862667,29,1,0,0,0,rank_missing=1; top-k/Avg@5 are lower bounds where only top-1 is available; missing_cases=RE3-TT/ts-auth-service_f3/3
